timestamp,gyr_x,gyr_y,gyr_z,acc_x,acc_y,acc_z,pkt_time_ns
130721,79,-66,-2,1008,1160,-7629,1745156031192640755
130913,-6,-95,-17,646,131,-8020,1745156031192640755
131105,8,-112,-37,509,742,-7969,1745156031192640755
131297,32,-111,-8,413,872,-7947,1745156031192640755
131489,43,-92,7,325,705,-8123,1745156031192640755
131681,38,-59,-1,330,707,-8176,1745156031192640755
131873,33,-52,-8,304,622,-8238,1745156031192640755
132065,28,-42,-13,410,456,-8226,1745156031192640755
132257,18,-22,-10,445,423,-8304,1745156031192640755
132449,3,-16,-5,414,491,-8284,1745156031192640755
132641,-11,-8,-3,367,571,-8235,1745156031192640755
132833,-18,7,-5,319,662,-8194,1745156031192640755
133025,-16,18,-5,370,730,-8166,1745156031261402522
133217,-7,21,0,512,756,-8124,1745156031261402522
133409,1,20,6,597,762,-8110,1745156031261402522
133601,7,17,9,625,785,-8135,1745156031261402522
133793,13,14,9,576,823,-8148,1745156031261402522
133985,21,17,12,506,875,-8149,1745156031261402522
134177,36,22,16,456,948,-8176,1745156031261402522
134369,58,25,23,495,1049,-8228,1745156031261402522
134561,80,24,30,608,1012,-8305,1745156031261402522
134753,96,23,34,651,970,-8409,1745156031261402522
134945,111,22,38,639,908,-8482,1745156031261402522
135137,127,27,44,578,872,-8523,1745156031261402522
135329,140,37,52,532,808,-8574,1745156031298307550
135521,151,50,56,488,832,-8598,1745156031298307550
135713,160,63,58,548,711,-8609,1745156031298307550
135905,190,81,58,556,1183,-8596,1745156031298307550
136097,237,93,70,597,1240,-8570,1745156031298307550
136289,219,119,69,563,-88,-8729,1745156031298307550
136481,129,155,37,846,451,-8394,1745156031298307550
136673,205,68,91,908,1427,-8018,1745156031298307550
136865,280,96,149,644,1810,-8184,1745156031298307550
137057,160,109,173,391,504,-8750,1745156031298307550
137249,-134,95,96,947,-2786,-7158,1745156031298307550
137441,-100,99,-47,767,-2566,-7939,1745156031298307550
137633,-234,87,-19,683,-1914,-7174,1745156031344016663
137825,-246,77,44,670,-819,-7429,1745156031344016663
138017,-254,111,55,802,115,-7533,1745156031344016663
138209,-253,143,-19,760,972,-7390,1745156031344016663
138401,-201,139,-99,808,1511,-7340,1745156031344016663
138593,-104,129,-162,860,1771,-7350,1745156031344016663
138785,8,117,-183,1003,1648,-7295,1745156031344016663
138977,113,87,-182,1098,1383,-7403,1745156031344016663
139169,180,38,-154,1188,994,-7629,1745156031344016663
139361,213,-5,-126,1127,666,-7832,1745156031344016663
139553,212,-31,-102,958,438,-8021,1745156031344016663
139745,187,-44,-87,804,289,-8173,1745156031344016663
139937,156,-41,-78,658,227,-8291,1745156031402263423
140129,130,-37,-68,563,255,-8412,1745156031402263423
140321,106,-33,-47,548,305,-8502,1745156031402263423
140513,80,-33,-24,568,309,-8523,1745156031402263423
140705,47,-36,-12,583,329,-8525,1745156031402263423
140897,9,-41,-17,593,325,-8480,1745156031402263423
141089,-28,-46,-32,577,305,-8425,1745156031402263423
141281,-62,-49,-47,509,287,-8368,1745156031402263423
141473,-91,-48,-58,455,314,-8247,1745156031402263423
141665,-114,-44,-63,373,356,-8157,1745156031402263423
141857,-131,-37,-65,334,459,-8042,1745156031402263423
142049,-139,-26,-66,307,595,-7942,1745156031402263423
142241,-132,-19,-70,319,688,-7818,1745156031471298938
142433,-112,-17,-72,379,784,-7788,1745156031471298938
142625,-85,-15,-72,406,808,-7814,1745156031471298938
142817,-58,-15,-67,466,778,-7802,1745156031471298938
143009,-30,-20,-61,503,720,-7822,1745156031471298938
143201,-3,-25,-59,502,646,-7835,1745156031471298938
143393,19,-32,-61,499,561,-7846,1745156031471298938
143585,34,-40,-64,485,472,-7875,1745156031471298938
143777,38,-47,-66,464,402,-7898,1745156031471298938
143969,37,-53,-70,464,355,-7919,1745156031471298938
144161,30,-56,-72,469,314,-7950,1745156031471298938
144353,19,-56,-77,468,292,-7990,1745156031471298938
144545,5,-53,-84,478,316,-8028,1745156031518844910
144737,-7,-47,-93,495,371,-8059,1745156031518844910
144929,-19,-41,-99,500,479,-8144,1745156031518844910
145121,-30,-32,-101,503,606,-8158,1745156031518844910
145313,-34,-28,-98,519,697,-8161,1745156031518844910
145505,-31,-23,-92,557,754,-8175,1745156031518844910
145697,-19,-22,-88,596,767,-8195,1745156031518844910
145889,-5,-25,-89,639,735,-8193,1745156031518844910
146081,7,-28,-91,666,702,-8202,1745156031518844910
146273,13,-29,-92,667,637,-8151,1745156031518844910
146465,12,-32,-89,660,591,-8123,1745156031518844910
146657,7,-33,-85,615,547,-8067,1745156031518844910
146849,2,-31,-81,593,525,-8024,1745156031580917989
147041,0,-28,-80,580,541,-7997,1745156031580917989
147233,1,-23,-80,588,551,-7974,1745156031580917989
147425,6,-22,-83,612,539,-7957,1745156031580917989
147617,12,-22,-85,646,510,-8000,1745156031580917989
147809,15,-22,-89,672,496,-8012,1745156031580917989
148001,14,-23,-90,673,468,-8061,1745156031580917989
148193,10,-26,-91,676,421,-8114,1745156031580917989
148385,5,-25,-89,658,429,-8157,1745156031580917989
148577,-4,-23,-85,695,456,-8180,1745156031580917989
148769,-14,-23,-85,708,468,-8189,1745156031580917989
148961,-23,-24,-87,744,490,-8201,1745156031580917989
149153,-30,-29,-89,733,506,-8216,1745156031636300556
149345,-37,-32,-90,714,515,-8218,1745156031636300556
149537,-47,-35,-88,669,517,-8217,1745156031636300556
149729,-56,-35,-86,623,513,-8193,1745156031636300556
149921,-65,-32,-83,584,514,-8202,1745156031636300556
150113,-76,-27,-80,557,519,-8217,1745156031636300556
150305,-83,-22,-77,540,532,-8224,1745156031636300556
150497,-85,-15,-76,531,542,-8236,1745156031636300556
150689,-86,-8,-75,533,557,-8262,1745156031636300556
150881,-88,1,-76,534,581,-8332,1745156031636300556
151073,-92,12,-77,569,585,-8467,1745156031636300556
151265,-101,26,-78,633,584,-8578,1745156031636300556
151457,-116,42,-79,690,544,-8685,1745156031699112170
151649,-135,56,-83,756,487,-8743,1745156031699112170
151841,-155,65,-88,775,394,-8763,1745156031699112170
152033,-173,74,-96,810,322,-8909,1745156031699112170
152225,-195,90,-115,818,281,-9205,1745156031699112170
152417,-225,107,-141,866,254,-9401,1745156031699112170
152609,-260,119,-165,1029,181,-9598,1745156031699112170
152801,-298,104,-184,1307,20,-9726,1745156031699112170
152993,-341,55,-202,1656,-134,-9681,1745156031699112170
153185,-400,-10,-226,2002,-307,-9564,1745156031699112170
153377,-471,-75,-255,2177,-390,-9469,1745156031699112170
153569,-546,-120,-283,2235,-416,-9422,1745156031699112170
153761,-617,-148,-322,2161,-424,-9485,1745156031752912720
153953,-668,-151,-364,2044,-437,-9373,1745156031752912720
154145,-680,-143,-389,1908,-288,-9358,1745156031752912720
154337,-712,-103,-403,1777,67,-9208,1745156031752912720
154529,-779,-40,-403,1773,414,-9140,1745156031752912720
154721,-832,11,-378,1844,817,-8910,1745156031752912720
154913,-813,62,-341,1838,1314,-9011,1745156031752912720
155105,-718,122,-306,2047,1793,-9199,1745156031752912720
155297,-604,157,-295,2355,2094,-8863,1745156031752912720
155489,-465,188,-312,2573,2258,-8678,1745156031752912720
155681,-335,227,-333,2570,2297,-8462,1745156031752912720
155873,-201,290,-342,2451,2156,-8529,1745156031752912720
156065,-95,337,-347,2415,1755,-7853,1745156031808621794
156257,-46,371,-353,2375,1188,-7757,1745156031808621794
156449,-25,363,-371,2429,662,-7988,1745156031808621794
156641,-43,364,-423,2513,484,-8095,1745156031808621794
156833,-87,402,-491,2863,493,-8495,1745156031808621794
157025,-158,442,-526,3379,409,-8527,1745156031808621794
157217,-229,406,-528,4138,347,-9216,1745156031808621794
157409,-458,446,-314,5272,-29,-9470,1745156031808621794
157601,-755,386,-46,6185,-449,-9569,1745156031808621794
157793,-848,53,-38,6159,-165,-10436,1745156031808621794
157985,-795,-312,-274,5306,477,-10706,1745156031808621794
158177,-608,-515,-564,4121,946,-10007,1745156031808621794
158369,-303,-612,-777,3234,1017,-8915,1745156031876548049
158561,-29,-664,-914,2672,930,-8281,1745156031876548049
158753,37,-657,-831,3174,1192,-8842,1745156031876548049
158945,-118,-533,-369,4551,1481,-9481,1745156031876548049
159137,-132,-673,115,5430,1882,-9397,1745156031876548049
159329,251,-1055,296,5480,2891,-8937,1745156031876548049
159521,649,-1278,226,4819,3447,-8242,1745156031876548049
159713,930,-1368,87,4096,2917,-7970,1745156031876548049
159905,1115,-1437,-16,3395,1280,-7912,1745156031876548049
160097,1200,-1499,-7,2730,-711,-8185,1745156031876548049
160289,1195,-1541,138,2295,-2380,-8617,1745156031876548049
160481,1129,-1565,367,1994,-3312,-8929,1745156031876548049
160673,1000,-1565,594,1760,-3460,-8995,1745156031925088178
160865,824,-1547,751,1534,-3186,-9009,1745156031925088178
161057,645,-1520,833,1421,-2782,-8900,1745156031925088178
161249,490,-1483,871,1442,-2438,-8678,1745156031925088178
161441,370,-1442,900,1434,-2236,-8334,1745156031925088178
161633,275,-1410,946,1460,-2120,-8080,1745156031925088178
161825,194,-1375,1011,1434,-1999,-7922,1745156031925088178
162017,124,-1327,1081,1385,-1836,-7783,1745156031925088178
162209,63,-1269,1143,1273,-1644,-7593,1745156031925088178
162401,5,-1211,1197,1150,-1549,-7341,1745156031925088178
162593,-40,-1150,1258,1045,-1533,-7020,1745156031925088178
162785,-77,-1075,1324,935,-1514,-6818,1745156031925088178
162977,-112,-986,1382,761,-1525,-6720,1745156031990441227
163169,-150,-892,1444,550,-1467,-6613,1745156031990441227
163361,-182,-784,1513,379,-1297,-6528,1745156031990441227
163553,-206,-668,1586,287,-1051,-6431,1745156031990441227
163745,-225,-549,1657,259,-742,-6262,1745156031990441227
163937,-234,-426,1722,224,-411,-6023,1745156031990441227
164129,-224,-302,1790,183,-140,-6072,1745156031990441227
164321,-178,-170,1859,301,-125,-6131,1745156031990441227
164513,-139,-64,1914,393,-124,-5803,1745156031990441227
164705,-78,21,1972,489,-169,-5882,1745156031990441227
164897,-45,94,2019,448,-177,-5813,1745156031990441227
165089,-26,190,2070,320,-146,-5685,1745156031990441227
165281,-21,297,2121,186,-117,-5445,1745156032049303971
165473,-25,406,2170,64,-137,-5158,1745156032049303971
165665,-40,521,2212,-33,-202,-4791,1745156032049303971
165857,-67,640,2252,-113,-248,-4519,1745156032049303971
166049,-93,761,2295,-154,-286,-4405,1745156032049303971
166241,-124,884,2350,-150,-185,-4293,1745156032049303971
166433,-161,1010,2410,-63,12,-4102,1745156032049303971
166625,-208,1134,2468,100,236,-3962,1745156032049303971
166817,-264,1243,2523,380,495,-3862,1745156032049303971
167009,-316,1343,2568,618,869,-3814,1745156032049303971
167201,-365,1452,2605,825,1352,-3844,1745156032049303971
167393,-408,1569,2643,1037,1894,-3856,1745156032049303971
167585,-449,1688,2680,1241,2490,-3825,1745156032108693949
167777,-496,1808,2710,1437,3065,-3772,1745156032108693949
167969,-540,1928,2734,1565,3582,-3722,1745156032108693949
168161,-578,2052,2750,1641,4015,-3645,1745156032108693949
168353,-614,2176,2756,1683,4282,-3556,1745156032108693949
168545,-654,2286,2751,1757,4349,-3416,1745156032108693949
168737,-682,2392,2729,1848,4310,-3133,1745156032108693949
168929,-701,2508,2690,1911,4263,-2964,1745156032108693949
169121,-729,2609,2645,2096,4094,-2810,1745156032108693949
169313,-753,2693,2606,2295,4095,-2652,1745156032108693949
169505,-773,2786,2570,2401,4174,-2501,1745156032108693949
169697,-781,2885,2533,2474,4434,-2411,1745156032108693949
169889,-767,3001,2490,2427,4886,-2320,1745156032184537006
170081,-718,3121,2446,2554,5323,-2306,1745156032184537006
170273,-636,3247,2393,2617,5745,-2287,1745156032184537006
170465,-530,3392,2347,2673,6049,-2442,1745156032184537006
170657,-406,3543,2310,2720,6394,-2637,1745156032184537006
170849,-273,3719,2259,2778,6817,-2908,1745156032184537006
171041,-138,3896,2195,2873,7090,-3202,1745156032184537006
171233,-13,4065,2140,3095,7285,-3333,1745156032184537006
171425,102,4218,2089,3401,7336,-3345,1745156032184537006
171617,210,4360,2040,3698,7255,-3313,1745156032184537006
171809,301,4490,1991,3970,7107,-3291,1745156032184537006
172001,393,4610,1938,4191,6911,-3311,1745156032184537006
172193,488,4717,1867,4439,6641,-3203,1745156032221438284
172385,585,4806,1773,4621,6310,-2970,1745156032221438284
172577,683,4893,1664,4830,5946,-2730,1745156032221438284
172769,772,4972,1536,5012,5427,-2408,1745156032221438284
172961,860,5039,1398,5211,4883,-2110,1745156032221438284
173153,956,5108,1253,5476,4426,-1942,1745156032221438284
173345,1058,5175,1093,5767,4171,-1851,1745156032221438284
173537,1154,5241,914,6123,4191,-1812,1745156032221438284
173729,1226,5304,714,6567,4489,-1769,1745156032221438284
173921,1263,5367,495,7069,4910,-1738,1745156032221438284
174113,1274,5426,262,7622,5316,-1755,1745156032221438284
174305,1279,5471,33,8186,5687,-1840,1745156032221438284
174497,1293,5496,-169,8705,6055,-2030,1745156032284599061
174689,1335,5500,-326,9136,6371,-2299,1745156032284599061
174881,1410,5487,-439,9563,6679,-2587,1745156032284599061
175073,1490,5460,-529,9957,6844,-2853,1745156032284599061
175265,1559,5406,-621,10394,6834,-3037,1745156032284599061
175457,1619,5323,-719,10778,6690,-3115,1745156032284599061
175649,1673,5231,-822,11076,6360,-3119,1745156032284599061
175841,1710,5137,-919,11323,5982,-3176,1745156032284599061
176033,1727,5041,-1009,11474,5594,-3188,1745156032284599061
176225,1718,4942,-1099,11589,5101,-3171,1745156032284599061
176417,1685,4811,-1180,11636,4501,-3018,1745156032284599061
176609,1656,4684,-1238,11615,4262,-2813,1745156032284599061
176801,1633,4576,-1286,11576,3820,-2841,1745156032341510676
176993,1602,4474,-1373,11582,3538,-2845,1745156032341510676
177185,1554,4365,-1470,11649,3328,-2859,1745156032341510676
177377,1492,4251,-1557,11822,3146,-2812,1745156032341510676
177569,1423,4130,-1636,11962,3028,-2934,1745156032341510676
177761,1352,4007,-1696,12142,2922,-2965,1745156032341510676
177953,1278,3862,-1746,12263,2859,-3018,1745156032341510676
178145,1202,3730,-1811,12274,2833,-3199,1745156032341510676
178337,1126,3598,-1878,12278,2870,-3356,1745156032341510676
178529,1047,3463,-1932,12210,2857,-3604,1745156032341510676
178721,972,3337,-1976,12099,2730,-3781,1745156032341510676
178913,904,3207,-2009,11968,2690,-3714,1745156032341510676
179105,852,3081,-2037,11873,2594,-3644,1745156032395080031
179297,822,2977,-2079,11669,2550,-3693,1745156032395080031
179489,808,2877,-2100,11461,2429,-3634,1745156032395080031
179681,807,2776,-2105,11330,2305,-3627,1745156032395080031
179873,808,2675,-2106,11231,2158,-3529,1745156032395080031
180065,800,2576,-2109,11284,1952,-3344,1745156032395080031
180257,797,2463,-2118,11273,1776,-3136,1745156032395080031
180449,765,2350,-2101,11268,1627,-2850,1745156032395080031
180641,712,2232,-2068,11234,1417,-2614,1745156032395080031
180833,628,2124,-2058,11594,1320,-2305,1745156032395080031
181025,527,2013,-2096,11532,1315,-2148,1745156032395080031
181217,409,1901,-2083,11231,1452,-1967,1745156032395080031
181409,289,1801,-2012,10987,1628,-1783,1745156032467473640
181601,181,1706,-1934,10743,1782,-1648,1745156032467473640
181793,95,1620,-1870,10616,1955,-1465,1745156032467473640
181985,32,1557,-1836,10522,2122,-1449,1745156032467473640
182177,-20,1504,-1817,10439,2260,-1375,1745156032467473640
182369,-38,1450,-1802,10466,2339,-1241,1745156032467473640
182561,-24,1382,-1797,10522,2433,-1245,1745156032467473640
182753,14,1299,-1805,10474,2289,-1251,1745156032467473640
182945,35,1210,-1825,10509,2335,-1411,1745156032467473640
183137,23,1113,-1845,10405,2292,-1321,1745156032467473640
183329,31,1021,-1858,10297,2262,-1318,1745156032467473640
183521,41,925,-1862,10107,2230,-1398,1745156032467473640
183713,60,848,-1874,9897,2287,-675,1745156032512047191
183905,90,770,-1878,9634,2483,-768,1745156032512047191
184097,78,701,-1873,9467,2681,-693,1745156032512047191
184289,41,640,-1866,9234,2858,-578,1745156032512047191
184481,-10,599,-1841,9037,3041,-405,1745156032512047191
184673,-59,577,-1822,8959,3243,-270,1745156032512047191
184865,-112,550,-1822,8932,3399,-129,1745156032512047191
185057,-159,531,-1808,8792,3672,138,1745156032512047191
185249,-189,528,-1766,8627,4045,344,1745156032512047191
185441,-201,537,-1718,8519,4346,473,1745156032512047191
185633,-193,543,-1688,8501,4709,621,1745156032512047191
185825,-160,542,-1676,8483,4958,631,1745156032512047191
186017,-129,533,-1668,8541,5086,661,1745156032570603688
186209,-108,509,-1652,8538,5050,756,1745156032570603688
186401,-91,478,-1627,8617,4722,941,1745156032570603688
186593,-81,457,-1632,8614,4569,981,1745156032570603688
186785,-81,429,-1655,8332,4736,1167,1745156032570603688
186977,-66,392,-1652,8143,4823,1258,1745156032570603688
187169,-59,360,-1668,8151,4795,1336,1745156032570603688
187361,-66,333,-1702,7952,4940,1522,1745156032570603688
187553,-68,313,-1714,7905,4969,1607,1745156032570603688
187745,-76,273,-1732,7971,4999,1655,1745156032570603688
187937,-79,219,-1775,8069,4722,1513,1745156032570603688
188129,-124,163,-1850,7986,4236,1355,1745156032570603688
188321,-204,117,-1903,7627,4355,1431,1745156032640811328
188513,-271,94,-1872,7056,4745,1425,1745156032640811328
188705,-335,107,-1806,6572,5177,1428,1745156032640811328
188897,-386,137,-1783,6312,5534,1392,1745156032640811328
189089,-407,155,-1805,6389,5522,1373,1745156032640811328
189281,-412,157,-1803,6583,5219,1192,1745156032640811328
189473,-430,161,-1734,6745,5354,1143,1745156032640811328
189665,-451,145,-1660,6955,5720,1169,1745156032640811328
189857,-450,118,-1658,7042,6106,1178,1745156032640811328
190049,-415,91,-1677,6941,6131,1207,1745156032640811328
190241,-347,64,-1656,6882,6047,1249,1745156032640811328
190433,-281,29,-1610,6822,5906,1233,1745156032640811328
190625,-229,-15,-1566,6708,5497,1241,1745156032687512516
190817,-207,-48,-1555,6592,5349,1168,1745156032687512516
191009,-210,-74,-1585,6315,5197,1167,1745156032687512516
191201,-231,-87,-1591,6159,4997,1204,1745156032687512516
191393,-235,-97,-1609,6379,5198,1297,1745156032687512516
191585,-240,-116,-1617,6136,5083,1359,1745156032687512516
191777,-257,-132,-1566,6072,5001,1424,1745156032687512516
191969,-252,-127,-1540,6042,4992,1367,1745156032687512516
192161,-238,-130,-1531,6014,5102,1373,1745156032687512516
192353,-233,-139,-1526,6051,5195,1363,1745156032687512516
192545,-244,-150,-1521,6023,5188,1376,1745156032687512516
192737,-261,-167,-1504,5987,5155,1311,1745156032687512516
192929,-278,-196,-1480,5978,5230,1297,1745156032760693982
193121,-289,-216,-1458,5898,5323,1329,1745156032760693982
193313,-290,-228,-1455,5957,5283,1280,1745156032760693982
193505,-285,-249,-1453,5769,5574,1289,1745156032760693982
193697,-277,-257,-1404,5507,5775,1349,1745156032760693982
193889,-256,-248,-1339,5421,5824,1363,1745156032760693982
194081,-233,-246,-1277,5474,5667,1352,1745156032760693982
194273,-211,-252,-1244,5593,5497,1324,1745156032760693982
194465,-190,-267,-1234,5642,5509,1365,1745156032760693982
194657,-176,-288,-1217,5651,5580,1415,1745156032760693982
194849,-170,-318,-1182,5662,5726,1512,1745156032760693982
195041,-158,-359,-1152,5606,5807,1610,1745156032760693982
195233,-141,-393,-1138,5485,5826,1617,1745156032812145127
195425,-127,-417,-1120,5350,5700,1586,1745156032812145127
195617,-119,-436,-1098,5262,5550,1600,1745156032812145127
195809,-124,-448,-1075,5105,5421,1687,1745156032812145127
196001,-136,-447,-1044,5033,5430,1760,1745156032812145127
196193,-156,-443,-1011,4964,5466,1857,1745156032812145127
196385,-178,-429,-976,4845,5578,1941,1745156032812145127
196577,-192,-410,-943,4796,5685,2054,1745156032812145127
196769,-191,-393,-918,4828,5797,2130,1745156032812145127
196961,-193,-376,-900,4889,5785,2070,1745156032812145127
197153,-204,-370,-877,4973,5788,2072,1745156032812145127
197345,-216,-366,-860,5019,5850,2072,1745156032812145127
197537,-225,-369,-840,5005,5946,2075,1745156032875880534
197729,-220,-374,-807,4902,6056,2031,1745156032875880534
197921,-223,-379,-778,5029,6064,2092,1745156032875880534
198113,-225,-380,-770,4941,6040,2095,1745156032875880534
198305,-238,-386,-748,4840,5996,2152,1745156032875880534
198497,-259,-387,-719,4732,6009,2254,1745156032875880534
198689,-277,-386,-695,4586,6025,2394,1745156032875880534
198881,-288,-379,-684,4439,6084,2432,1745156032875880534
199073,-295,-372,-672,4373,6085,2437,1745156032875880534
199265,-299,-363,-656,4344,6073,2447,1745156032875880534
199457,-299,-354,-647,4321,6033,2378,1745156032875880534
199649,-297,-354,-643,4342,5977,2336,1745156032875880534
199841,-296,-356,-642,4332,6002,2321,1745156032925816224
200033,-307,-349,-635,4269,6095,2274,1745156032925816224
200225,-320,-339,-610,4230,6177,2290,1745156032925816224
200417,-321,-333,-576,4173,6323,2407,1745156032925816224
200609,-315,-325,-559,4010,6587,2476,1745156032925816224
200801,-304,-302,-546,3903,6798,2390,1745156032925816224
200993,-281,-283,-525,3943,6918,2418,1745156032925816224
201185,-247,-271,-504,4083,6965,2395,1745156032925816224
201377,-216,-264,-492,4174,6957,2323,1745156032925816224
201569,-176,-264,-480,4188,6912,2206,1745156032925816224
201761,-122,-265,-471,4170,6860,2006,1745156032925816224
201953,-75,-272,-468,4195,6726,1990,1745156032925816224
202145,-36,-284,-459,4177,6602,2037,1745156033010433368
202337,-5,-294,-442,4103,6507,2019,1745156033010433368
202529,17,-305,-417,4028,6445,2075,1745156033010433368
202721,28,-320,-395,3934,6369,2185,1745156033010433368
202913,21,-327,-371,3808,6369,2285,1745156033010433368
203105,3,-329,-349,3639,6373,2348,1745156033010433368
203297,-15,-328,-331,3496,6433,2412,1745156033010433368
203489,-28,-323,-320,3451,6453,2411,1745156033010433368
203681,-34,-322,-312,3494,6457,2392,1745156033010433368
203873,-37,-325,-302,3549,6510,2391,1745156033010433368
204065,-50,-326,-295,3571,6639,2337,1745156033010433368
204257,-71,-323,-294,3574,6784,2242,1745156033010433368
204449,-89,-325,-297,3548,6935,2177,1745156033046540225
204641,-99,-324,-298,3491,7108,2209,1745156033046540225
204833,-101,-325,-302,3439,7263,2279,1745156033046540225
205025,-99,-322,-308,3320,7411,2328,1745156033046540225
205217,-90,-314,-312,3220,7516,2334,1745156033046540225
205409,-74,-303,-309,3148,7532,2309,1745156033046540225
205601,-57,-293,-307,3127,7468,2221,1745156033046540225
205793,-43,-281,-301,3133,7359,2117,1745156033046540225
205985,-36,-270,-292,3165,7203,1981,1745156033046540225
206177,-36,-264,-279,3210,7082,1867,1745156033046540225
206369,-34,-259,-263,3212,7022,1799,1745156033046540225
206561,-26,-256,-241,3265,6983,1754,1745156033046540225
206753,-11,-262,-222,3281,6927,1725,1745156033111992752
206945,5,-272,-211,3295,6876,1678,1745156033111992752
207137,13,-282,-196,3312,6797,1723,1745156033111992752
207329,19,-293,-178,3340,6745,1810,1745156033111992752
207521,25,-310,-161,3410,6731,1975,1745156033111992752
207713,21,-326,-146,3391,6813,2153,1745156033111992752
207905,14,-333,-134,3357,6930,2282,1745156033111992752
208097,18,-342,-126,3279,7046,2359,1745156033111992752
208289,32,-345,-123,3175,7112,2429,1745156033111992752
208481,49,-340,-119,3139,7107,2412,1745156033111992752
208673,72,-337,-121,3220,7126,2360,1745156033111992752
208865,97,-340,-134,3331,7154,2230,1745156033111992752
209057,108,-336,-153,3319,7146,2087,1745156033176529975
209249,105,-329,-160,3259,7206,1977,1745156033176529975
209441,100,-313,-156,3112,7305,1920,1745156033176529975
209633,95,-296,-147,3030,7432,1925,1745156033176529975
209825,98,-279,-141,3016,7440,1971,1745156033176529975
210017,110,-261,-136,3032,7405,1984,1745156033176529975
210209,120,-246,-123,3077,7300,1998,1745156033176529975
210401,120,-234,-108,3204,7187,1993,1745156033176529975
210593,109,-240,-100,3255,7074,1928,1745156033176529975
210785,92,-251,-91,3293,6891,2063,1745156033176529975
210977,85,-249,-84,3283,6805,2157,1745156033176529975
211169,92,-242,-73,3343,6917,2229,1745156033176529975
211361,127,-237,-70,3319,6968,2404,1745156033214845355
211553,241,-205,-68,3304,7046,2427,1745156033214845355
211745,250,-209,-61,3234,7266,2119,1745156033214845355
211937,169,-275,-48,3422,7102,2243,1745156033214845355
212129,203,-289,-42,3483,7019,2106,1745156033214845355
212321,227,-300,-49,3410,7074,2087,1745156033214845355
212513,242,-313,-50,3374,7153,2134,1745156033214845355
212705,260,-332,-39,3339,7197,2310,1745156033214845355
212897,299,-315,-31,3319,7293,2148,1745156033214845355
213089,291,-317,-25,3369,7264,2160,1745156033214845355
213281,276,-312,-14,3337,7247,2266,1745156033214845355
213473,277,-297,-2,3228,7304,2368,1745156033214845355
213665,280,-280,14,3038,7404,2460,1745156033272246653
213857,297,-240,33,3021,7443,2647,1745156033272246653
214049,299,-210,37,3048,7513,2564,1745156033272246653
214241,278,-191,45,3129,7467,2683,1745156033272246653
214433,269,-169,57,3109,7449,2712,1745156033272246653
214625,260,-141,70,3155,7402,2682,1745156033272246653
214817,253,-126,78,3224,7335,2624,1745156033272246653
215009,244,-114,76,3269,7296,2557,1745156033272246653
215201,233,-102,73,3328,7289,2419,1745156033272246653
215393,229,-93,73,3399,7362,2343,1745156033272246653
215585,234,-88,68,3460,7434,2276,1745156033272246653
215777,236,-96,61,3528,7522,2169,1745156033272246653
215969,222,-111,51,3564,7555,2035,1745156033329960241
216161,201,-131,51,3540,7571,1952,1745156033329960241
216353,190,-147,46,3473,7766,1834,1745156033329960241
216545,180,-163,37,3445,7958,1849,1745156033329960241
216737,171,-174,29,3410,7958,1555,1745156033329960241
216929,132,-180,30,3399,7808,1240,1745156033329960241
217121,43,-172,36,3388,7477,1239,1745156033329960241
217313,30,-144,39,3272,7745,1132,1745156033329960241
217505,24,-118,24,3185,8022,1179,1745156033329960241
217697,11,-100,21,3206,8114,1212,1745156033329960241
217889,-7,-85,28,3246,8019,1317,1745156033329960241
218081,-7,-65,34,3265,8043,1332,1745156033329960241
218273,-11,-54,39,3253,8054,1437,1745156033390453386
218465,-25,-48,41,3255,7947,1593,1745156033390453386
218657,-13,-36,40,3226,8020,1590,1745156033390453386
218849,0,-31,39,3251,7894,1795,1745156033390453386
219041,36,-26,38,3280,7826,1706,1745156033390453386
219233,43,-22,39,3311,7710,1694,1745156033390453386
219425,49,-19,37,3334,7615,1675,1745156033390453386
219617,62,-18,35,3323,7564,1654,1745156033390453386
219809,74,-17,34,3333,7533,1618,1745156033390453386
220001,78,-21,33,3383,7459,1581,1745156033390453386
220193,76,-27,33,3399,7389,1579,1745156033390453386
220385,65,-28,34,3362,7380,1553,1745156033390453386
220577,44,-21,35,3302,7359,1557,1745156033452415580
220769,22,-11,35,3272,7334,1581,1745156033452415580
220961,5,-1,33,3286,7282,1608,1745156033452415580
221153,-9,5,30,3298,7236,1608,1745156033452415580
221345,-21,10,27,3319,7223,1597,1745156033452415580
221537,-31,13,27,3315,7218,1568,1745156033452415580
221729,-38,15,28,3314,7228,1566,1745156033452415580
221921,-41,16,29,3301,7215,1577,1745156033452415580
222113,-34,19,31,3286,7272,1582,1745156033452415580
222305,-22,19,40,3271,7320,1589,1745156033452415580
222497,-12,21,52,3292,7368,1638,1745156033452415580
222689,0,22,61,3310,7374,1691,1745156033452415580
222881,21,17,64,3371,7362,1738,1745156033516296976
223073,51,7,61,3425,7344,1749,1745156033516296976
223265,79,-6,56,3472,7338,1720,1745156033516296976
223457,98,-18,51,3414,7367,1658,1745156033516296976
223649,105,-24,46,3357,7388,1566,1745156033516296976
223841,106,-32,35,3350,7427,1470,1745156033516296976
224033,100,-38,29,3324,7449,1371,1745156033516296976
224225,93,-40,27,3342,7430,1300,1745156033516296976
224417,81,-37,29,3345,7444,1242,1745156033516296976
224609,63,-31,30,3329,7460,1222,1745156033516296976
224801,42,-21,31,3301,7497,1274,1745156033516296976
224993,21,-8,37,3268,7527,1332,1745156033516296976
225185,9,6,45,3290,7544,1385,1745156033568608008
225377,1,20,51,3312,7562,1451,1745156033568608008
225569,-9,36,57,3334,7586,1493,1745156033568608008
225761,-19,57,68,3359,7604,1512,1745156033568608008
225953,-24,79,82,3421,7556,1575,1745156033568608008
226145,-22,100,96,3471,7468,1574,1745156033568608008
226337,-12,121,111,3561,7391,1548,1745156033568608008
226529,5,139,129,3686,7301,1556,1745156033568608008
226721,29,156,148,3792,7215,1450,1745156033568608008
226913,64,178,178,3835,7056,1403,1745156033568608008
227105,106,199,222,3906,6980,1360,1745156033568608008
227297,152,227,255,3942,6896,1392,1745156033568608008
227489,200,256,288,4018,6816,1424,1745156033635857238
227681,243,281,336,4166,6601,1491,1745156033635857238
227873,282,303,393,4360,6258,1512,1745156033635857238
228065,303,324,458,4530,5870,1439,1745156033635857238
228257,293,339,523,4667,5455,1473,1745156033635857238
228449,272,363,590,4796,5043,1308,1745156033635857238
228641,247,380,671,4758,5026,1822,1745156033635857238
228833,226,422,729,4801,4938,1629,1745156033635857238
229025,238,468,781,4799,5213,1788,1745156033635857238
229217,264,509,829,5015,5158,1764,1745156033635857238
229409,292,528,912,5278,4888,1845,1745156033635857238
229601,333,557,1012,5452,4636,1724,1745156033635857238
229793,340,579,1118,5456,4121,2057,1745156033680365581
229985,385,611,1195,5696,4151,1846,1745156033680365581
230177,402,608,1255,5866,3998,1953,1745156033680365581
230369,323,618,1360,5610,2852,2049,1745156033680365581
230561,312,659,1510,5607,2575,1948,1745156033680365581
230753,322,709,1598,5720,2499,2208,1745156033680365581
230945,275,753,1673,5759,2447,2251,1745156033680365581
231137,270,799,1716,6154,3171,2552,1745156033680365581
231329,211,788,1763,5989,1220,1562,1745156033680365581
231521,22,748,2025,6341,568,2362,1745156033680365581
231713,-41,835,2133,6405,1349,2271,1745156033680365581
231905,-104,876,2130,6390,2132,2181,1745156033680365581
232097,-161,906,2149,6479,2491,2168,1745156033747599030
232289,-164,919,2212,6807,2465,2094,1745156033747599030
232481,-144,914,2294,7256,2290,1939,1745156033747599030
232673,-139,898,2368,7680,2143,1761,1745156033747599030
232865,-152,881,2434,7993,2073,1598,1745156033747599030
233057,-169,864,2504,8228,2087,1302,1745156033747599030
233249,-185,842,2580,8417,2168,938,1745156033747599030
233441,-200,806,2662,8744,2251,610,1745156033747599030
233633,-212,762,2746,9132,2328,292,1745156033747599030
233825,-247,693,2823,9645,2372,116,1745156033747599030
234017,-312,610,2883,9919,2306,44,1745156033747599030
234209,-400,514,2957,10183,2093,92,1745156033747599030
234401,-513,393,3042,10514,1938,687,1745156033794729224
234593,-605,236,3112,10655,1872,351,1745156033794729224
234785,-829,104,3153,10415,1952,1175,1745156033794729224
234977,-1044,29,3191,10231,1991,1313,1745156033794729224
235169,-1222,-20,3253,10289,2353,1536,1745156033794729224
235361,-1343,-127,3310,10632,2937,1555,1745156033794729224
235553,-1378,-239,3356,10850,3820,1470,1745156033794729224
235745,-1320,-326,3399,11085,4917,1267,1745156033794729224
235937,-1180,-429,3448,11351,5926,812,1745156033794729224
236129,-999,-541,3480,11606,6549,247,1745156033794729224
236321,-778,-663,3487,11944,6727,-464,1745156033794729224
236513,-521,-770,3467,12133,6265,-1178,1745156033794729224
236705,-301,-881,3439,12503,5192,-1791,1745156033864707960
236897,-153,-1038,3455,13280,5242,-2222,1745156033864707960
237089,-44,-1260,3431,13891,5062,-2407,1745156033864707960
237281,17,-1471,3399,13547,4505,-2575,1745156033864707960
237473,8,-1706,3376,13869,4072,-2588,1745156033864707960
237665,-63,-1915,3373,13181,4131,-1967,1745156033864707960
237857,-182,-2074,3371,12642,4247,-1169,1745156033864707960
238049,-376,-2259,3302,12034,4438,-879,1745156033864707960
238241,-613,-2296,3211,11315,4624,-993,1745156033864707960
238433,-839,-2307,3185,11052,4897,-823,1745156033864707960
238625,-1048,-2430,3155,11045,4682,-975,1745156033864707960
238817,-1185,-2436,3112,11069,5021,-1352,1745156033864707960
239009,-1250,-2409,3109,11334,5269,-1615,1745156033925275636
239201,-1264,-2423,3080,11499,5689,-2214,1745156033925275636
239393,-1225,-2429,3074,11924,6008,-2715,1745156033925275636
239585,-1121,-2509,3047,12150,6358,-3338,1745156033925275636
239777,-962,-2567,3004,12292,6473,-3813,1745156033925275636
239969,-784,-2659,2940,12270,6429,-4244,1745156033925275636
240161,-614,-2725,2851,12227,6142,-4483,1745156033925275636
240353,-468,-2823,2749,12188,5695,-4536,1745156033925275636
240545,-354,-2913,2635,12135,5095,-4397,1745156033925275636
240737,-295,-3025,2529,11952,4696,-3986,1745156033925275636
240929,-290,-3130,2443,11792,4474,-3530,1745156033925275636
241121,-339,-3221,2374,11597,4389,-2933,1745156033925275636
241313,-437,-3326,2313,11558,4452,-2174,1745156033979083998
241505,-567,-3431,2240,11565,4653,-1479,1745156033979083998
241697,-712,-3525,2155,11591,4993,-1081,1745156033979083998
241889,-858,-3612,2058,11533,5382,-955,1745156033979083998
242081,-979,-3680,1955,11411,5690,-1142,1745156033979083998
242273,-1039,-3729,1842,11245,6064,-1437,1745156033979083998
242465,-1018,-3757,1711,11053,6376,-1926,1745156033979083998
242657,-921,-3778,1572,10769,6542,-2491,1745156033979083998
242849,-760,-3791,1434,10531,6552,-3091,1745156033979083998
243041,-572,-3820,1305,10315,6492,-3626,1745156033979083998
243233,-385,-3849,1186,10176,6310,-4025,1745156033979083998
243425,-230,-3881,1069,10089,6076,-4328,1745156033979083998
243617,-117,-3916,950,10045,5845,-4470,1745156034038538143
243809,-50,-3952,829,9964,5692,-4466,1745156034038538143
244001,-19,-3989,704,9769,5598,-4371,1745156034038538143
244193,0,-4012,582,9477,5533,-4368,1745156034038538143
244385,10,-4049,465,9249,5412,-4234,1745156034038538143
244577,24,-4090,359,8997,5284,-3924,1745156034038538143
244769,40,-4128,277,8777,5138,-3653,1745156034038538143
244961,64,-4158,218,8648,5020,-3524,1745156034038538143
245153,86,-4173,168,8611,4989,-3498,1745156034038538143
245345,92,-4187,107,8722,5020,-3386,1745156034038538143
245537,75,-4216,28,8859,5079,-3055,1745156034038538143
245729,43,-4243,-63,8872,5236,-2753,1745156034038538143
245921,2,-4261,-165,8702,5473,-2580,1745156034097731717
246113,-46,-4261,-273,8385,5710,-2539,1745156034097731717
246305,-95,-4248,-386,8116,5848,-2596,1745156034097731717
246497,-131,-4232,-508,7887,5843,-2634,1745156034097731717
246689,-152,-4215,-637,7729,5739,-2774,1745156034097731717
246881,-158,-4200,-764,7525,5598,-2908,1745156034097731717
247073,-154,-4164,-887,7211,5486,-3140,1745156034097731717
247265,-140,-4099,-1007,6844,5406,-3463,1745156034097731717
247457,-125,-4024,-1120,6569,5306,-3718,1745156034097731717
247649,-108,-3955,-1219,6383,5176,-3822,1745156034097731717
247841,-94,-3898,-1312,6208,4964,-3877,1745156034097731717
248033,-79,-3848,-1397,5967,4743,-3884,1745156034097731717
248225,-57,-3791,-1477,5682,4584,-3887,1745156034153728080
248417,-11,-3743,-1560,5433,4539,-3977,1745156034153728080
248609,-4,-3690,-1647,5290,4525,-3971,1745156034153728080
248801,-20,-3622,-1736,5073,4509,-3845,1745156034153728080
248993,-38,-3546,-1809,4981,4477,-3818,1745156034153728080
249185,-37,-3479,-1866,4904,4418,-3721,1745156034153728080
249377,-23,-3398,-1909,4764,4335,-3770,1745156034153728080
249569,6,-3306,-1944,4547,4299,-4009,1745156034153728080
249761,48,-3211,-1968,4349,4270,-4125,1745156034153728080
249953,93,-3128,-1988,4259,4165,-4124,1745156034153728080
250145,135,-3057,-2014,4243,4000,-4176,1745156034153728080
250337,173,-2998,-2049,4231,3823,-4226,1745156034153728080
250529,210,-2951,-2091,4169,3624,-4228,1745156034229223432
250721,241,-2914,-2142,4063,3376,-4213,1745156034229223432
250913,265,-2883,-2200,3846,3134,-4176,1745156034229223432
251105,292,-2848,-2255,3610,2917,-4204,1745156034229223432
251297,320,-2808,-2298,3365,2779,-4234,1745156034229223432
251489,332,-2759,-2328,3159,2683,-4186,1745156034229223432
251681,322,-2688,-2352,2970,2595,-4178,1745156034229223432
251873,309,-2604,-2372,2798,2495,-4247,1745156034229223432
252065,312,-2522,-2386,2651,2400,-4286,1745156034229223432
252257,335,-2440,-2393,2553,2372,-4361,1745156034229223432
252449,363,-2359,-2393,2483,2367,-4406,1745156034229223432
252641,380,-2277,-2389,2472,2322,-4544,1745156034229223432
252833,385,-2198,-2387,2396,2206,-4697,1745156034270932061
253025,392,-2117,-2383,2451,2000,-4803,1745156034270932061
253217,408,-2061,-2379,2384,1791,-4990,1745156034270932061
253409,417,-1997,-2371,2326,1612,-5159,1745156034270932061
253601,410,-1939,-2363,2267,1444,-5285,1745156034270932061
253793,384,-1879,-2349,2147,1275,-5364,1745156034270932061
253985,354,-1812,-2334,1991,1135,-5477,1745156034270932061
254177,348,-1741,-2313,1817,1042,-5436,1745156034270932061
254369,362,-1675,-2289,1605,1028,-5337,1745156034270932061
254561,396,-1598,-2267,1374,1095,-5447,1745156034270932061
254753,427,-1515,-2250,1119,1181,-5493,1745156034270932061
254945,441,-1440,-2239,1216,1267,-5335,1745156034270932061
255137,447,-1384,-2221,1334,1220,-5009,1745156034328818876
255329,455,-1326,-2191,1407,1006,-4685,1745156034328818876
255521,472,-1264,-2159,1495,820,-4522,1745156034328818876
255713,496,-1199,-2128,1406,655,-4467,1745156034328818876
255905,525,-1117,-2095,1182,511,-4641,1745156034328818876
256097,552,-1031,-2066,1016,349,-4888,1745156034328818876
256289,576,-943,-2037,816,220,-5133,1745156034328818876
256481,591,-851,-2000,697,70,-5514,1745156034328818876
256673,601,-758,-1948,648,45,-5718,1745156034328818876
256865,618,-663,-1891,694,13,-6151,1745156034328818876
257057,632,-564,-1840,741,16,-6595,1745156034328818876
257249,648,-471,-1792,778,5,-6935,1745156034328818876
257441,684,-398,-1744,916,58,-7217,1745156034386496839
257633,715,-342,-1694,975,69,-7410,1745156034386496839
257825,730,-303,-1633,915,-1,-7276,1745156034386496839
258017,755,-309,-1567,943,41,-7811,1745156034386496839
258209,745,-203,-1490,786,72,-7379,1745156034386496839
258401,745,-102,-1417,715,94,-7201,1745156034386496839
258593,744,-34,-1360,675,50,-7227,1745156034386496839
258785,727,33,-1308,666,-134,-7127,1745156034386496839
258977,704,78,-1246,737,-337,-6995,1745156034386496839
259169,678,112,-1176,789,-548,-6932,1745156034386496839
259361,639,134,-1095,864,-695,-6777,1745156034386496839
259553,597,162,-1017,977,-777,-6653,1745156034386496839
259745,551,203,-959,1030,-849,-6705,1745156034447199774
259937,510,252,-917,1063,-844,-6830,1745156034447199774
260129,474,303,-890,1112,-799,-7069,1745156034447199774
260321,429,341,-867,1184,-721,-7191,1745156034447199774
260513,365,373,-841,1302,-643,-7299,1745156034447199774
260705,287,403,-815,1395,-537,-7425,1745156034447199774
260897,209,443,-793,1495,-353,-7566,1745156034447199774
261089,133,482,-784,1615,-181,-7728,1745156034447199774
261281,69,513,-784,1759,-125,-7897,1745156034447199774
261473,20,531,-785,1886,-127,-8043,1745156034447199774
261665,-14,529,-776,2065,-194,-8099,1745156034447199774
261857,-43,514,-766,2213,-254,-8092,1745156034447199774
262049,-77,495,-763,2340,-321,-8104,1745156034503475406
262241,-119,473,-763,2368,-349,-8050,1745156034503475406
262433,-158,447,-762,2387,-355,-7946,1745156034503475406
262625,-193,419,-758,2387,-318,-7796,1745156034503475406
262817,-215,386,-747,2354,-257,-7664,1745156034503475406
263009,-226,360,-722,2188,-151,-7716,1745156034503475406
263201,-232,351,-685,2081,1,-7746,1745156034503475406
263393,-226,351,-644,2005,152,-7725,1745156034503475406
263585,-214,347,-602,2014,248,-7683,1745156034503475406
263777,-193,350,-566,2081,294,-7784,1745156034503475406
263969,-162,354,-537,2121,296,-7892,1745156034503475406
264161,-136,366,-507,2141,173,-8055,1745156034503475406
264353,-118,370,-472,2263,88,-8166,1745156034565200050
264545,-111,376,-447,2367,-30,-8255,1745156034565200050
264737,-117,375,-431,2482,-136,-8260,1745156034565200050
264929,-134,368,-423,2606,-231,-8206,1745156034565200050
265121,-161,349,-419,2672,-293,-8179,1745156034565200050
265313,-190,325,-414,2687,-345,-8070,1745156034565200050
265505,-219,293,-400,2622,-356,-7919,1745156034565200050
265697,-243,266,-374,2539,-326,-7806,1745156034565200050
265889,-261,241,-347,2423,-259,-7762,1745156034565200050
266081,-272,217,-322,2303,-199,-7733,1745156034565200050
266273,-279,197,-298,2198,-146,-7707,1745156034565200050
266465,-275,178,-273,2169,-154,-7647,1745156034565200050
266657,-266,162,-247,2147,-167,-7602,1745156034620630742
266849,-262,153,-211,2113,-171,-7562,1745156034620630742
267041,-260,146,-165,2051,-158,-7557,1745156034620630742
267233,-257,148,-118,1966,-115,-7612,1745156034620630742
267425,-250,161,-75,1850,-1,-7731,1745156034620630742
267617,-238,181,-39,1791,170,-7878,1745156034620630742
267809,-225,208,-13,1726,346,-7997,1745156034620630742
268001,-206,241,22,1684,505,-8145,1745156034620630742
268193,-184,275,66,1724,578,-8215,1745156034620630742
268385,-150,312,110,1786,572,-8277,1745156034620630742
268577,-108,344,147,1865,535,-8313,1745156034620630742
268769,-61,368,175,2011,408,-8276,1745156034620630742
268961,-18,377,191,2116,250,-8275,1745156034748491657
269153,13,380,194,2195,54,-8274,1745156034748491657
269345,26,377,188,2229,-145,-8246,1745156034748491657
269537,21,372,173,2243,-303,-8139,1745156034748491657
269729,2,365,160,2188,-410,-7981,1745156034748491657
269921,-26,352,148,2168,-485,-7808,1745156034748491657
270113,-62,335,134,2093,-516,-7666,1745156034748491657
270305,-103,317,121,2017,-488,-7604,1745156034748491657
270497,-147,307,110,1927,-382,-7619,1745156034748491657
270689,-189,304,103,1835,-241,-7690,1745156034748491657
270881,-220,299,95,1792,-47,-7752,1745156034748491657
271073,-256,312,95,1805,180,-7766,1745156034748491657
271265,-298,331,109,1831,431,-7741,1745156034757393711
271457,-334,340,132,1858,634,-7697,1745156034757393711
271649,-354,350,165,1864,784,-7621,1745156034757393711
271841,-346,359,199,1926,930,-7608,1745156034757393711
272033,-301,356,228,1970,1119,-7659,1745156034757393711
272225,-225,337,261,2034,1265,-7816,1745156034757393711
272417,-131,306,296,2140,1366,-8091,1745156034757393711
272609,-31,259,329,2331,1387,-8423,1745156034757393711
272801,73,187,349,2596,1311,-8773,1745156034757393711
272993,179,89,345,2869,1220,-9114,1745156034757393711
273185,259,-10,327,3132,1037,-9426,1745156034757393711
273377,318,-126,304,3261,803,-9703,1745156034757393711
273569,358,-253,278,3351,449,-9858,1745156034794804099
273761,375,-370,242,3302,111,-9893,1745156034794804099
273953,370,-466,196,3128,-197,-9839,1745156034794804099
274145,340,-536,155,2775,-392,-9696,1745156034794804099
274337,291,-581,128,2369,-492,-9472,1745156034794804099
274529,229,-611,111,1891,-552,-9166,1745156034794804099
274721,165,-623,102,1379,-586,-8903,1745156034794804099
274913,105,-619,109,882,-647,-8692,1745156034794804099
275105,39,-600,141,473,-634,-8467,1745156034794804099
275297,-25,-559,182,187,-569,-8285,1745156034794804099
275489,-94,-494,216,-22,-470,-8196,1745156034794804099
275681,-161,-418,235,-147,-338,-8133,1745156034794804099
275873,-215,-342,240,-143,-148,-8125,1745156034856589420
276065,-254,-270,226,-97,49,-8178,1745156034856589420
276257,-277,-209,202,58,278,-8162,1745156034856589420
276449,-284,-163,169,253,526,-8238,1745156034856589420
276641,-274,-128,133,463,771,-8319,1745156034856589420
276833,-246,-107,96,685,1008,-8393,1745156034856589420
277025,-202,-102,61,887,1216,-8434,1745156034856589420
277217,-150,-110,27,1014,1344,-8469,1745156034856589420
277409,-91,-126,-3,1079,1382,-8525,1745156034856589420
277601,-30,-154,-26,1065,1310,-8560,1745156034856589420
277793,27,-184,-40,963,1190,-8577,1745156034856589420
277985,69,-201,-47,811,998,-8573,1745156034856589420
278177,95,-203,-53,603,808,-8592,1745156034918909528
278369,102,-191,-56,439,595,-8627,1745156034918909528
278561,88,-175,-58,346,392,-8650,1745156034918909528
278753,58,-156,-53,258,201,-8607,1745156034918909528
278945,22,-137,-44,176,117,-8551,1745156034918909528
279137,-13,-112,-31,124,135,-8529,1745156034918909528
279329,-49,-82,-19,117,242,-8473,1745156034918909528
279521,-86,-52,-10,152,406,-8455,1745156034918909528
279713,-118,-27,-5,237,570,-8455,1745156034918909528
279905,-135,-13,-7,319,710,-8447,1745156034918909528
280097,-136,-8,-8,413,833,-8449,1745156034918909528
280289,-127,-5,-6,489,923,-8455,1745156034918909528
280481,-108,-6,-2,528,983,-8471,1745156034978966114
280673,-83,-9,0,568,965,-8493,1745156034978966114
280865,-58,-15,-5,578,893,-8506,1745156034978966114
281057,-37,-20,-14,558,779,-8491,1745156034978966114
281249,-23,-28,-22,521,655,-8472,1745156034978966114
281441,-17,-35,-26,468,569,-8451,1745156034978966114
281633,-20,-40,-25,411,521,-8410,1745156034978966114
281825,-27,-42,-21,374,472,-8368,1745156034978966114
282017,-39,-41,-16,316,428,-8364,1745156034978966114
282209,-51,-36,-12,281,394,-8387,1745156034978966114
282401,-66,-28,-10,234,381,-8376,1745156034978966114
282593,-80,-14,-8,180,376,-8353,1745156034978966114
282785,-89,-2,-8,241,397,-8364,1745156035029275655
282977,-97,13,-9,229,446,-8329,1745156035029275655
283169,-102,24,-8,263,515,-8325,1745156035029275655
283361,-106,33,-8,325,560,-8288,1745156035029275655
283553,-103,35,-8,336,634,-7758,1745156035029275655
283745,-54,-117,57,756,-199,-5380,1745156035029275655
283937,-470,-250,-14,1822,-5480,-10356,1745156035029275655
284129,-1071,-178,-268,2338,-5047,-9067,1745156035029275655
284321,-1114,-345,-241,1222,-1205,-6279,1745156035029275655
284513,-743,-271,-1,-1035,2802,-5948,1745156035029275655
284705,-470,-101,221,-1395,4361,-6522,1745156035029275655
284897,-314,-17,263,-713,4019,-7247,1745156035029275655
285089,-275,60,127,-217,3376,-7534,1745156035096176606
285281,-220,59,-58,6,2560,-7649,1745156035096176606
285473,-103,49,-192,322,1987,-7722,1745156035096176606
285665,47,76,-220,590,1664,-7954,1745156035096176606
285857,174,100,-162,761,1486,-8147,1745156035096176606
286049,307,100,-75,931,1013,-7821,1745156035096176606
286241,406,68,1,925,1428,-9342,1745156035096176606
286433,253,24,45,918,1309,-8540,1745156035096176606
286625,269,12,28,498,958,-8248,1745156035096176606
286817,297,40,-7,142,551,-8329,1745156035096176606
287009,311,74,-40,1,456,-8610,1745156035096176606
287201,218,118,-49,87,813,-8411,1745156035096176606
322529,15,129,10,430,979,-7916,1745156036044226227
322721,4,10,-1,220,268,-8383,1745156036044226227
322913,11,21,-6,253,784,-7992,1745156036044226227
323105,24,7,11,186,739,-8024,1745156036044226227
323297,10,5,22,218,682,-8146,1745156036044226227
323489,8,12,17,264,794,-8077,1745156036044226227
323681,7,-6,20,289,789,-8126,1745156036044226227
323873,1,-5,14,311,766,-8127,1745156036044226227
324065,-1,-3,11,301,731,-8150,1745156036044226227
324257,-7,-14,9,279,738,-8144,1745156036044226227
324449,-12,-7,8,221,751,-8132,1745156036044226227
324641,-15,-6,4,200,744,-8160,1745156036044226227
324833,-23,-3,-2,174,706,-8159,1745156036101085343
325025,-31,6,-3,191,688,-8151,1745156036101085343
325217,-41,7,-1,196,674,-8141,1745156036101085343
325409,-49,15,3,186,703,-8154,1745156036101085343
325601,-54,22,5,178,741,-8161,1745156036101085343
325793,-57,29,6,197,799,-8172,1745156036101085343
325985,-57,36,6,241,845,-8210,1745156036101085343
326177,-56,42,7,281,914,-8224,1745156036101085343
326369,-51,46,10,296,1000,-8253,1745156036101085343
326561,-41,52,11,309,1106,-8306,1745156036101085343
326753,-24,61,11,277,1228,-8371,1745156036101085343
326945,0,70,9,288,1291,-8446,1745156036101085343
327137,27,80,5,324,1281,-8551,1745156036156807230
327329,54,91,1,289,1284,-8619,1745156036156807230
327521,86,110,-1,204,1328,-8657,1745156036156807230
327713,124,136,0,141,1293,-8705,1745156036156807230
327905,156,159,6,218,1047,-8781,1745156036156807230
328097,169,173,0,369,854,-8816,1745156036156807230
328289,110,196,-16,418,-268,-8202,1745156036156807230
328481,212,213,-40,752,2020,-9406,1745156036156807230
328673,365,140,6,817,2363,-8312,1745156036156807230
328865,435,129,25,1227,1783,-8691,1745156036156807230
329057,477,32,10,1846,1059,-8575,1745156036156807230
329249,507,3,60,2382,990,-8772,1745156036156807230
329441,448,143,278,2938,440,-8408,1745156036241028908
329633,-256,-155,5,5950,-5770,-6204,1745156036241028908
329825,-273,-795,-362,5899,-4108,-6767,1745156036241028908
330017,-342,-960,-441,4424,-2575,-7571,1745156036241028908
330209,-396,-1031,-649,2343,-168,-7549,1745156036241028908
330401,-387,-811,-715,-235,2125,-8352,1745156036241028908
330593,-293,-169,-798,-2467,2859,-8583,1745156036241028908
330785,-313,67,-747,-2086,3294,-6586,1745156036241028908
330977,-136,-309,-493,301,1822,-7492,1745156036241028908
331169,22,-290,-389,1170,1525,-9465,1745156036241028908
331361,57,-191,-285,1801,1002,-9223,1745156036241028908
331553,116,-172,-248,2444,683,-9330,1745156036241028908
331745,149,-166,-270,2943,700,-9451,1745156036276648218
331937,126,-186,-323,3358,424,-9365,1745156036276648218
332129,75,-214,-368,3735,62,-9308,1745156036276648218
332321,20,-304,-398,3962,-30,-9451,1745156036276648218
332513,-36,-444,-443,4015,180,-9557,1745156036276648218
332705,-73,-593,-508,3900,682,-9569,1745156036276648218
332897,-92,-693,-585,3535,1233,-9901,1745156036276648218
333089,-56,-750,-666,3190,1523,-9986,1745156036276648218
333281,21,-807,-712,2888,1136,-9198,1745156036276648218
333473,144,-890,-702,2577,197,-8547,1745156036276648218
333665,273,-948,-659,2288,-510,-8648,1745156036276648218
333857,298,-956,-584,2309,-559,-9170,1745156036276648218
334049,107,-876,-433,2654,99,-9177,1745156036333767853
334241,-90,-865,-335,3058,1164,-8724,1745156036333767853
334433,-48,-1026,-368,3166,2292,-8152,1745156036333767853
334625,49,-1143,-442,3128,2793,-7372,1745156036333767853
334817,85,-1174,-506,2942,2430,-6974,1745156036333767853
335009,72,-1197,-512,2678,1450,-6898,1745156036333767853
335201,65,-1230,-437,2349,425,-7000,1745156036333767853
335393,67,-1245,-300,2011,-169,-7210,1745156036333767853
335585,40,-1221,-151,1750,-387,-7482,1745156036333767853
335777,-31,-1176,-37,1620,-483,-7545,1745156036333767853
335969,-122,-1119,31,1507,-481,-7410,1745156036333767853
336161,-211,-1051,70,1371,-489,-7134,1745156036333767853
336353,-283,-968,96,1255,-490,-6882,1745156036392425702
336545,-337,-867,126,1139,-477,-6698,1745156036392425702
336737,-377,-751,167,1058,-454,-6573,1745156036392425702
336929,-403,-633,230,998,-445,-6487,1745156036392425702
337121,-422,-513,302,967,-427,-6369,1745156036392425702
337313,-443,-392,365,987,-437,-6139,1745156036392425702
337505,-469,-272,407,1073,-559,-5895,1745156036392425702
337697,-497,-151,443,1077,-735,-5752,1745156036392425702
337889,-525,-21,489,1045,-883,-5653,1745156036392425702
338081,-545,122,554,945,-909,-5617,1745156036392425702
338273,-574,266,631,970,-981,-5668,1745156036392425702
338465,-627,413,707,938,-998,-5607,1745156036392425702
338657,-691,554,784,953,-995,-5525,1745156036450974230
338849,-754,691,859,1015,-938,-5413,1745156036450974230
339041,-818,818,936,1082,-854,-5319,1745156036450974230
339233,-884,943,1020,1174,-818,-5135,1745156036450974230
339425,-953,1051,1102,1334,-818,-5022,1745156036450974230
339617,-1028,1195,1177,1371,-765,-4856,1745156036450974230
339809,-1079,1291,1264,1473,-602,-4247,1745156036450974230
340001,-1135,1335,1343,1657,-478,-4331,1745156036450974230
340193,-1193,1422,1424,1832,-386,-4196,1745156036450974230
340385,-1252,1499,1505,2010,-234,-4014,1745156036450974230
340577,-1309,1582,1578,2162,-46,-3878,1745156036450974230
340769,-1369,1664,1638,2397,163,-3834,1745156036450974230
340961,-1427,1733,1689,2537,384,-3762,1745156036512328201
341153,-1480,1780,1750,2727,556,-3711,1745156036512328201
341345,-1528,1824,1828,2767,739,-3581,1745156036512328201
341537,-1575,1878,1927,2796,941,-3473,1745156036512328201
341729,-1613,1937,2032,2831,1102,-3377,1745156036512328201
341921,-1651,2002,2134,2928,1268,-3325,1745156036512328201
342113,-1681,2058,2244,3027,1455,-3327,1745156036512328201
342305,-1709,2127,2357,3123,1661,-3384,1745156036512328201
342497,-1732,2214,2475,3184,1927,-3574,1745156036512328201
342689,-1762,2319,2593,3185,2313,-3784,1745156036512328201
342881,-1793,2423,2718,3306,2713,-4043,1745156036512328201
343073,-1816,2528,2844,3353,3233,-4115,1745156036512328201
343265,-1839,2633,2964,3473,3670,-4304,1745156036630533475
343457,-1857,2719,3078,3557,4006,-4206,1745156036630533475
343649,-1859,2807,3187,3755,4262,-4159,1745156036630533475
343841,-1856,2869,3283,3880,4447,-4114,1745156036630533475
344033,-1844,2931,3369,4054,4533,-4016,1745156036630533475
344225,-1816,2983,3439,4325,4604,-4018,1745156036630533475
344417,-1789,3007,3491,4571,4534,-3835,1745156036630533475
344609,-1761,3022,3518,4868,4434,-3842,1745156036630533475
344801,-1748,3009,3517,5000,4396,-3779,1745156036630533475
344993,-1732,3011,3510,4988,4388,-3855,1745156036630533475
345185,-1719,3026,3508,4967,4476,-3925,1745156036630533475
345377,-1714,3061,3501,5099,4722,-3846,1745156036630533475
345569,-1728,3098,3480,5320,4783,-3735,1745156036639124699
345761,-1760,3147,3440,5503,4993,-3732,1745156036639124699
345953,-1793,3217,3398,5574,5415,-3712,1745156036639124699
346145,-1800,3305,3374,5650,6052,-3736,1745156036639124699
346337,-1789,3406,3359,5772,6733,-3790,1745156036639124699
346529,-1781,3513,3358,5850,7347,-3801,1745156036639124699
346721,-1776,3624,3371,5922,7849,-3926,1745156036639124699
346913,-1758,3740,3389,5962,8278,-3996,1745156036639124699
347105,-1733,3868,3396,5947,8640,-4130,1745156036639124699
347297,-1689,4018,3385,5935,8952,-4354,1745156036639124699
347489,-1636,4174,3364,5994,9311,-4421,1745156036639124699
347681,-1586,4310,3329,6259,9470,-4183,1745156036639124699
347873,-1541,4408,3275,6671,9485,-3853,1745156036683405440
348065,-1506,4469,3198,7162,9238,-3401,1745156036683405440
348257,-1457,4484,3087,7602,8935,-2908,1745156036683405440
348449,-1368,4465,2941,8106,8455,-2283,1745156036683405440
348641,-1228,4407,2743,8616,7959,-1896,1745156036683405440
348833,-1036,4309,2494,9163,7658,-1732,1745156036683405440
349025,-817,4194,2227,9569,7498,-1688,1745156036683405440
349217,-607,4100,1957,9801,8276,-1753,1745156036683405440
349409,-429,4021,1640,10122,9638,-2055,1745156036683405440
349601,-247,3948,1287,10410,10959,-2317,1745156036683405440
349793,11,3935,952,10297,12389,-2709,1745156036683405440
349985,190,3932,690,10109,13407,-3017,1745156036683405440
350177,315,3921,537,9863,13710,-3261,1745156036741443400
350369,440,3934,455,9823,13553,-3566,1745156036741443400
350561,593,3927,360,10255,13151,-3811,1745156036741443400
350753,779,3869,182,10420,12446,-3909,1745156036741443400
350945,935,3824,-2,10116,11434,-3973,1745156036741443400
351137,1033,3788,-131,9908,10470,-4025,1745156036741443400
351329,1069,3755,-215,9752,9500,-4050,1745156036741443400
351521,1056,3737,-287,9727,8628,-4026,1745156036741443400
351713,1003,3719,-377,9807,7874,-4029,1745156036741443400
351905,916,3703,-488,9872,7400,-3968,1745156036741443400
352097,808,3682,-616,9975,6893,-3940,1745156036741443400
352289,689,3663,-733,10011,6682,-3880,1745156036741443400
352481,565,3652,-807,10008,6528,-3787,1745156036802295552
352673,449,3640,-867,10131,6443,-3685,1745156036802295552
352865,335,3623,-955,10231,6276,-3551,1745156036802295552
353057,237,3580,-1061,10337,6054,-3317,1745156036802295552
353249,172,3511,-1142,10383,5975,-3097,1745156036802295552
353441,143,3441,-1203,10391,5901,-2962,1745156036802295552
353633,143,3367,-1269,10370,5951,-2883,1745156036802295552
353825,172,3288,-1330,10352,6062,-2808,1745156036802295552
354017,229,3194,-1370,10396,6163,-2628,1745156036802295552
354209,301,3073,-1405,10465,6149,-2478,1745156036802295552
354401,376,2946,-1451,10513,6024,-2425,1745156036802295552
354593,432,2817,-1514,10467,5761,-2434,1745156036802295552
354785,449,2692,-1578,10348,5334,-2401,1745156036865885596
354977,434,2580,-1618,10301,4854,-2352,1745156036865885596
355169,403,2482,-1641,10361,4458,-2217,1745156036865885596
355361,365,2387,-1668,10437,4133,-2019,1745156036865885596
355553,329,2298,-1698,10480,3829,-1849,1745156036865885596
355745,296,2207,-1726,10507,3610,-1661,1745156036865885596
355937,264,2116,-1747,10468,3397,-1602,1745156036865885596
356129,224,2024,-1754,10334,3209,-1661,1745156036865885596
356321,169,1934,-1749,10184,3068,-1739,1745156036865885596
356513,107,1849,-1744,9974,2967,-1677,1745156036865885596
356705,52,1769,-1733,9731,2948,-1439,1745156036865885596
356897,16,1698,-1716,9486,3055,-1247,1745156036865885596
357089,-8,1621,-1692,9302,3210,-1163,1745156036923281947
357281,-35,1530,-1674,9193,3357,-1106,1745156036923281947
357473,-65,1429,-1661,9130,3501,-1009,1745156036923281947
357665,-81,1321,-1653,9137,3574,-684,1745156036923281947
357857,-58,1195,-1665,9019,3578,-993,1745156036923281947
358049,-88,1086,-1668,8884,3667,-768,1745156036923281947
358241,-118,1006,-1670,8726,3632,-694,1745156036923281947
358433,-155,931,-1675,8594,3508,-603,1745156036923281947
358625,-192,857,-1674,8364,3439,-560,1745156036923281947
358817,-234,804,-1678,8245,3434,-560,1745156036923281947
359009,-276,756,-1697,8043,3502,-620,1745156036923281947
359201,-307,720,-1704,7779,3538,-612,1745156036923281947
359393,-319,697,-1704,7614,3574,-539,1745156036974530333
359585,-316,677,-1701,7254,3908,-373,1745156036974530333
359777,-299,674,-1671,6996,4330,-272,1745156036974530333
359969,-281,685,-1646,6988,4527,-379,1745156036974530333
360161,-275,677,-1651,7057,4583,-286,1745156036974530333
360353,-263,661,-1656,7080,4679,-58,1745156036974530333
360545,-237,652,-1655,6983,4809,68,1745156036974530333
360737,-197,636,-1643,6867,5009,199,1745156036974530333
360929,-139,619,-1629,6754,5229,332,1745156036974530333
361121,-69,600,-1621,6666,5405,462,1745156036974530333
361313,4,580,-1624,6622,5518,528,1745156036974530333
361505,68,555,-1639,6581,5526,625,1745156036974530333
361697,125,524,-1652,6554,5474,812,1745156037041513523
361889,176,489,-1662,6443,5426,883,1745156037041513523
362081,205,459,-1659,6412,5340,955,1745156037041513523
362273,224,433,-1658,6455,5311,1010,1745156037041513523
362465,224,411,-1660,6527,5302,1064,1745156037041513523
362657,217,392,-1657,6651,5295,1129,1745156037041513523
362849,213,375,-1651,6787,5357,1109,1745156037041513523
363041,208,348,-1649,6918,5461,1097,1745156037041513523
363233,195,318,-1656,6913,5581,1101,1745156037041513523
363425,175,288,-1660,6843,5702,1169,1745156037041513523
363617,159,255,-1657,6751,5757,1337,1745156037041513523
363809,157,223,-1655,6685,5799,1409,1745156037041513523
364001,151,195,-1664,6615,5772,1428,1745156037105823977
364193,132,161,-1672,6524,5715,1424,1745156037105823977
364385,103,133,-1674,6417,5679,1416,1745156037105823977
364577,65,106,-1672,6318,5638,1432,1745156037105823977
364769,35,78,-1672,6157,5635,1544,1745156037105823977
364961,22,58,-1675,5983,5740,1647,1745156037105823977
365153,23,40,-1676,5841,5872,1719,1745156037105823977
365345,32,20,-1675,5757,5986,1826,1745156037105823977
365537,43,8,-1681,5761,6044,1938,1745156037105823977
365729,40,-7,-1682,5784,5981,2040,1745156037105823977
365921,29,-17,-1683,5761,5976,2040,1745156037105823977
366113,21,-21,-1678,5654,6088,2032,1745156037105823977
366305,18,-26,-1655,5625,6176,2056,1745156037155794042
366497,28,-39,-1630,5707,6248,2179,1745156037155794042
366689,50,-57,-1614,5797,6333,2283,1745156037155794042
366881,66,-70,-1593,5704,6350,2314,1745156037155794042
367073,64,-83,-1575,5669,6310,2315,1745156037155794042
367265,56,-92,-1572,5623,6203,2292,1745156037155794042
367457,49,-102,-1571,5536,6173,2308,1745156037155794042
367649,38,-109,-1552,5467,6086,2316,1745156037155794042
367841,30,-112,-1526,5408,6104,2332,1745156037155794042
368033,18,-110,-1506,5364,6016,2319,1745156037155794042
368225,5,-108,-1492,5269,5978,2367,1745156037155794042
368417,-2,-100,-1477,5178,6042,2439,1745156037155794042
368609,-3,-99,-1460,5097,6071,2557,1745156037211497283
368801,3,-83,-1446,5002,6244,2604,1745156037211497283
368993,21,-60,-1434,4936,6289,2666,1745156037211497283
369185,56,-51,-1410,5066,6166,2676,1745156037211497283
369377,96,-66,-1385,5215,6027,2703,1745156037211497283
369569,119,-83,-1379,5305,5953,2718,1745156037211497283
369761,116,-106,-1382,5274,5833,2680,1745156037211497283
369953,112,-137,-1383,5156,5765,2655,1745156037211497283
370145,89,-156,-1379,4886,5718,2627,1745156037211497283
370337,49,-175,-1358,4594,5718,2621,1745156037211497283
370529,6,-178,-1330,4350,5721,2634,1745156037211497283
370721,-33,-180,-1310,4207,5759,2582,1745156037211497283
370913,-69,-176,-1290,4035,5854,2492,1745156037277758448
371105,-96,-164,-1274,3936,5947,2408,1745156037277758448
371297,-110,-152,-1245,3908,6019,2362,1745156037277758448
371489,-117,-140,-1208,3910,6097,2242,1745156037277758448
371681,-122,-135,-1166,3976,6171,2172,1745156037277758448
371873,-118,-142,-1127,4055,6229,2072,1745156037277758448
372065,-109,-160,-1086,4084,6191,1976,1745156037277758448
372257,-94,-182,-1029,4077,6169,1979,1745156037277758448
372449,-76,-210,-961,4092,6180,2121,1745156037277758448
372641,-66,-239,-915,4024,6178,2276,1745156037277758448
372833,-68,-263,-883,3877,6161,2406,1745156037277758448
373025,-75,-278,-857,3753,6089,2494,1745156037277758448
373217,-82,-289,-836,3673,5926,2531,1745156037326336650
373409,-93,-303,-816,3612,5778,2609,1745156037326336650
373601,-113,-314,-787,3536,5670,2614,1745156037326336650
373793,-138,-320,-753,3488,5692,2587,1745156037326336650
373985,-149,-324,-727,3440,5733,2471,1745156037326336650
374177,-153,-336,-709,3497,5788,2392,1745156037326336650
374369,-155,-348,-695,3584,5800,2262,1745156037326336650
374561,-163,-362,-673,3685,5845,2242,1745156037326336650
374753,-188,-376,-649,3702,5986,2259,1745156037326336650
374945,-223,-379,-627,3616,6238,2191,1745156037326336650
375137,-238,-377,-593,3506,6532,2180,1745156037326336650
375329,-223,-372,-558,3430,6750,2174,1745156037326336650
375521,-196,-372,-536,3428,6833,2122,1745156037404581717
375713,-163,-372,-516,3442,6783,2132,1745156037404581717
375905,-128,-372,-487,3451,6582,2153,1745156037404581717
376097,-103,-382,-449,3484,6427,2298,1745156037404581717
376289,-90,-384,-414,3377,6411,2388,1745156037404581717
376481,-78,-378,-385,3212,6462,2485,1745156037404581717
376673,-61,-371,-359,3087,6423,2571,1745156037404581717
376865,-44,-367,-323,3058,6364,2716,1745156037404581717
377057,-34,-359,-286,3070,6240,2718,1745156037404581717
377249,-35,-362,-252,3103,6040,2804,1745156037404581717
377441,-38,-372,-233,3045,5994,2970,1745156037404581717
377633,-38,-362,-220,2887,6087,3020,1745156037404581717
377825,-29,-350,-196,2818,6197,3098,1745156037449636149
378017,-6,-338,-170,2821,6306,3069,1745156037449636149
378209,18,-322,-156,2776,6401,2998,1745156037449636149
378401,35,-298,-149,2768,6479,2865,1745156037449636149
378593,42,-275,-146,2808,6491,2779,1745156037449636149
378785,44,-254,-140,2782,6525,2819,1745156037449636149
378977,47,-227,-119,2733,6611,2831,1745156037449636149
379169,52,-204,-82,2719,6702,2882,1745156037449636149
379361,67,-188,-48,2674,6864,2964,1745156037449636149
379553,104,-168,-19,2664,7024,2943,1745156037449636149
379745,144,-149,3,2689,7049,3446,1745156037449636149
379937,264,-112,14,2634,6959,3560,1745156037449636149
380129,345,-98,38,2607,7330,2515,1745156037504934915
380321,153,-85,60,2627,7282,3377,1745156037504934915
380513,130,-71,72,2584,7257,3413,1745156037504934915
380705,159,-59,89,2559,7255,3427,1745156037504934915
380897,188,-46,102,2599,7366,3338,1745156037504934915
381089,203,-35,106,2652,7454,3374,1745156037504934915
381281,233,-35,106,2749,7450,3315,1745156037504934915
381473,239,-36,105,2791,7414,3196,1745156037504934915
381665,222,-36,104,2781,7300,3078,1745156037504934915
381857,196,-36,108,2749,7206,2904,1745156037504934915
382049,164,-29,114,2704,7241,2767,1745156037504934915
382241,118,-22,120,2707,7277,2695,1745156037504934915
382433,73,-19,130,2674,7353,2631,1745156037567675539
382625,19,-13,137,2709,7398,2487,1745156037567675539
382817,-28,-10,140,2725,7483,2487,1745156037567675539
383009,-71,-11,137,2722,7520,2349,1745156037567675539
383201,-116,-16,131,2716,7436,2569,1745156037567675539
383393,-95,-19,125,2603,7512,2304,1745156037567675539
383585,-116,-16,127,2488,7559,2317,1745156037567675539
383777,-126,-8,127,2397,7648,2251,1745156037567675539
383969,-123,-5,124,2398,7709,2259,1745156037567675539
384161,-110,-1,117,2514,7746,2157,1745156037567675539
384353,-104,26,94,2246,8016,2564,1745156037567675539
384545,-65,-3,117,2242,8081,2365,1745156037567675539
384737,-25,-7,132,2233,8125,2313,1745156037622111084
384929,11,-6,137,2272,8135,2325,1745156037622111084
385121,43,-12,140,2353,8046,2344,1745156037622111084
385313,73,-21,143,2375,7956,2321,1745156037622111084
385505,94,-32,146,2319,7916,2416,1745156037622111084
385697,110,-36,142,2292,7924,2380,1745156037622111084
385889,104,-39,128,2340,7868,2310,1745156037622111084
386081,86,-42,110,2350,7818,2294,1745156037622111084
386273,66,-43,90,2358,7796,2239,1745156037622111084
386465,36,-45,69,2350,7809,2191,1745156037622111084
386657,1,-44,53,2286,7820,2222,1745156037622111084
386849,-25,-39,39,2218,7864,2241,1745156037622111084
387041,-45,-32,21,2178,7902,2286,1745156037676737929
387233,-53,-22,1,2148,8014,2358,1745156037676737929
387425,-53,-13,-13,2144,8105,2416,1745156037676737929
387617,-43,-5,-17,2151,8136,2460,1745156037676737929
387809,-30,-1,-26,2211,8080,2496,1745156037676737929
388001,-15,-6,-40,2242,7993,2533,1745156037676737929
388193,-7,-9,-45,2278,7916,2530,1745156037676737929
388385,-9,-7,-47,2272,7819,2533,1745156037676737929
388577,-9,-4,-47,2265,7755,2465,1745156037676737929
388769,-4,0,-52,2292,7722,2468,1745156037676737929
388961,5,0,-57,2323,7663,2455,1745156037676737929
389153,17,-3,-61,2346,7564,2451,1745156037676737929
389345,24,-7,-64,2351,7493,2465,1745156037736975920
389537,29,-13,-65,2371,7408,2481,1745156037736975920
389729,30,-19,-69,2390,7326,2465,1745156037736975920
389921,26,-27,-77,2414,7233,2454,1745156037736975920
390113,20,-37,-83,2433,7161,2412,1745156037736975920
390305,8,-48,-81,2451,7126,2373,1745156037736975920
390497,-5,-59,-76,2469,7133,2369,1745156037736975920
390689,-17,-69,-69,2468,7168,2378,1745156037736975920
390881,-25,-74,-59,2438,7285,2389,1745156037736975920
391073,-24,-73,-43,2404,7423,2447,1745156037736975920
391265,-14,-74,-27,2416,7518,2530,1745156037736975920
391457,-4,-73,-16,2425,7596,2563,1745156037736975920
391649,8,-69,-7,2403,7630,2576,1745156037790923448
391841,20,-67,1,2417,7626,2574,1745156037790923448
392033,33,-65,3,2415,7556,2593,1745156037790923448
392225,53,-61,3,2428,7569,2589,1745156037790923448
392417,78,-54,0,2431,7616,2584,1745156037790923448
392609,105,-46,-4,2468,7632,2561,1745156037790923448
392801,134,-45,-6,2533,7570,2543,1745156037790923448
392993,158,-49,-10,2589,7501,2504,1745156037790923448
393185,166,-52,-8,2601,7489,2479,1745156037790923448
393377,161,-54,-3,2591,7520,2495,1745156037790923448
393569,148,-59,1,2581,7585,2558,1745156037790923448
393761,126,-64,4,2546,7662,2614,1745156037790923448
393953,91,-67,7,2517,7681,2640,1745156037863614399
394145,51,-70,9,2521,7684,2615,1745156037863614399
394337,10,-70,8,2507,7678,2608,1745156037863614399
394529,-27,-68,4,2469,7698,2572,1745156037863614399
394721,-58,-60,2,2420,7719,2484,1745156037863614399
394913,-73,-52,-2,2421,7734,2421,1745156037863614399
395105,-76,-44,-5,2430,7792,2367,1745156037863614399
395297,-70,-36,-4,2429,7836,2385,1745156037863614399
395489,-54,-31,3,2440,7806,2357,1745156037863614399
395681,-35,-29,10,2431,7755,2309,1745156037863614399
395873,-18,-30,15,2435,7699,2326,1745156037863614399
396065,-5,-33,18,2450,7659,2383,1745156037863614399
396257,5,-37,20,2447,7631,2441,1745156037915340072
396449,12,-45,20,2443,7588,2497,1745156037915340072
396641,16,-55,16,2459,7531,2500,1745156037915340072
396833,17,-66,10,2449,7489,2505,1745156037915340072
397025,10,-72,7,2435,7463,2464,1745156037915340072
397217,-2,-79,5,2441,7444,2410,1745156037915340072
397409,-13,-86,1,2457,7388,2362,1745156037915340072
397601,-18,-93,-4,2470,7380,2280,1745156037915340072
397793,-23,-97,-8,2524,7385,2203,1745156037915340072
397985,-29,-103,-12,2565,7394,2170,1745156037915340072
398177,-34,-108,-15,2564,7407,2130,1745156037915340072
398369,-43,-109,-15,2531,7432,2122,1745156037915340072
398561,-51,-107,-11,2502,7513,2122,1745156037968965519
398753,-54,-101,-7,2496,7642,2148,1745156037968965519
398945,-53,-89,-4,2442,7684,2044,1745156037968965519
399137,-60,-73,5,2426,7559,2302,1745156037968965519
399329,-35,-65,14,2544,7717,2288,1745156037968965519
399521,-12,-59,14,2619,7816,2327,1745156037968965519
399713,2,-55,12,2644,7701,2364,1745156037968965519
399905,17,-54,14,2635,7546,2387,1745156037968965519
400097,26,-50,16,2595,7427,2418,1745156037968965519
400289,31,-47,14,2593,7387,2440,1745156037968965519
400481,34,-44,13,2587,7385,2486,1745156037968965519
400673,36,-37,15,2591,7388,2531,1745156037968965519
400865,41,-33,20,2611,7363,2567,1745156038027368111
401057,49,-30,23,2613,7344,2549,1745156038027368111
401249,52,-29,25,2619,7312,2490,1745156038027368111
401441,48,-30,29,2608,7284,2515,1745156038027368111
401633,53,-27,31,2658,7293,2469,1745156038027368111
401825,53,-29,29,2671,7299,2449,1745156038027368111
402017,47,-20,29,2637,7355,2441,1745156038027368111
402209,14,-7,41,2581,7160,2345,1745156038027368111
402401,9,13,56,2612,7256,2395,1745156038027368111
402593,12,35,61,2691,7416,2398,1745156038027368111
402785,18,58,62,2803,7492,2366,1745156038027368111
402977,38,74,71,2938,7503,2331,1745156038027368111
403169,61,84,83,3014,7409,2286,1745156038087766413
403361,74,92,98,3057,7221,2268,1745156038087766413
403553,82,102,116,3123,7160,2268,1745156038087766413
403745,85,112,132,3213,7074,2325,1745156038087766413
403937,83,118,146,3332,7014,2372,1745156038087766413
404129,73,122,160,3481,6875,2407,1745156038087766413
404321,60,124,180,3620,6723,2419,1745156038087766413
404513,50,123,200,3780,6645,2480,1745156038087766413
404705,41,111,215,3953,6485,2514,1745156038087766413
404897,31,92,226,4103,6365,2499,1745156038087766413
405089,19,70,247,4182,6267,2537,1745156038087766413
405281,11,61,281,4249,6189,2465,1745156038087766413
405473,-3,49,319,4396,6113,2430,1745156038144082097
405665,-15,45,358,4514,6122,2157,1745156038144082097
405857,-21,90,402,4482,5901,2852,1745156038144082097
406049,21,21,427,4579,5842,2385,1745156038144082097
406241,36,-2,462,4595,5785,2405,1745156038144082097
406433,39,-7,510,4617,5703,2377,1745156038144082097
406625,44,-4,565,4653,5641,2348,1745156038144082097
406817,55,8,618,4675,5532,2276,1745156038144082097
407009,64,14,673,4786,5389,2238,1745156038144082097
407201,70,19,721,4918,5214,2223,1745156038144082097
407393,73,19,775,4931,5130,2241,1745156038144082097
407585,73,30,841,4903,5155,2194,1745156038144082097
407777,73,50,916,4854,5131,2172,1745156038223136010
407969,85,78,992,4853,5021,2130,1745156038223136010
408161,104,110,1067,4855,4905,2074,1745156038223136010
408353,133,142,1139,4970,4765,1895,1745156038223136010
408545,157,166,1210,5206,4618,1736,1745156038223136010
408737,181,179,1280,5478,4523,1675,1745156038223136010
408929,206,187,1352,5691,4494,1622,1745156038223136010
409121,227,185,1437,5862,4448,1726,1745156038223136010
409313,242,174,1520,5993,4468,1828,1745156038223136010
409505,247,170,1587,6012,4524,1873,1745156038223136010
409697,237,165,1647,6050,4557,1910,1745156038223136010
409889,213,167,1710,6104,4570,1919,1745156038223136010
410081,185,173,1771,6180,4549,1884,1745156038274474499
410273,152,181,1827,6319,4509,1795,1745156038274474499
410465,111,182,1877,6451,4468,1748,1745156038274474499
410657,54,170,1923,6597,4481,1706,1745156038274474499
410849,-26,155,1961,6772,4381,1663,1745156038274474499
411041,-144,121,1988,6954,4153,1555,1745156038274474499
411233,-299,82,2014,6981,3766,1587,1745156038274474499
411425,-494,50,2046,6947,3395,1614,1745156038274474499
411617,-726,32,2076,6701,3150,1640,1745156038274474499
411809,-983,37,2124,6480,3041,1688,1745156038274474499
412001,-1241,59,2180,6489,3134,1605,1745156038274474499
412193,-1490,75,2221,6580,3541,1712,1745156038274474499
412385,-1658,172,2214,6549,4510,1813,1745156038319702784
412577,-1711,266,2222,6262,5359,1556,1745156038319702784
412769,-1637,376,2322,6295,6362,1369,1745156038319702784
412961,-1443,422,2432,6918,7352,915,1745156038319702784
413153,-1175,412,2450,7736,8187,671,1745156038319702784
413345,-888,386,2382,8457,8532,356,1745156038319702784
413537,-614,295,2335,9151,8582,627,1745156038319702784
413729,-351,160,2329,9085,8466,-360,1745156038319702784
413921,-239,55,2368,9023,7951,-72,1745156038319702784
414113,-115,-61,2429,9103,7110,-311,1745156038319702784
414305,-24,-209,2515,8936,6578,-465,1745156038319702784
414497,36,-294,2551,8571,6784,-488,1745156038319702784
414689,79,-330,2480,8243,6825,-606,1745156038378082355
414881,112,-362,2390,8028,6510,-622,1745156038378082355
415073,141,-415,2350,8221,6333,-782,1745156038378082355
415265,155,-479,2394,8207,5996,-875,1745156038378082355
415457,130,-499,2491,8280,5664,-1085,1745156038378082355
415649,80,-535,2555,8449,5165,-1377,1745156038378082355
415841,15,-569,2566,8549,4660,-1574,1745156038378082355
416033,-60,-620,2561,8660,4325,-1525,1745156038378082355
416225,-164,-679,2541,8771,4147,-1353,1745156038378082355
416417,-310,-734,2516,8836,4200,-1279,1745156038378082355
416609,-469,-779,2504,8883,4369,-1277,1745156038378082355
416801,-597,-820,2519,9023,4604,-1287,1745156038378082355
416993,-654,-894,2528,9249,4953,-946,1745156038436191772
417185,-648,-1005,2491,9543,5391,-395,1745156038436191772
417377,-636,-1140,2392,9789,5841,55,1745156038436191772
417569,-654,-1272,2282,9898,6180,189,1745156038436191772
417761,-690,-1399,2204,9940,6386,104,1745156038436191772
417953,-692,-1517,2154,9841,6542,-94,1745156038436191772
418145,-644,-1645,2088,10054,6821,-397,1745156038436191772
418337,-537,-1763,2009,10252,7225,-735,1745156038436191772
418529,-415,-1853,1940,10375,7559,-1248,1745156038436191772
418721,-303,-1946,1894,10560,7792,-1729,1745156038436191772
418913,-194,-2046,1869,10697,7799,-2220,1745156038436191772
419105,-87,-2151,1865,10862,7737,-2625,1745156038436191772
419297,16,-2282,1861,11021,7626,-2645,1745156038506218841
419489,94,-2439,1841,10978,7478,-2137,1745156038506218841
419681,133,-2600,1799,10773,7394,-1465,1745156038506218841
419873,136,-2749,1747,10446,7335,-845,1745156038506218841
420065,119,-2881,1694,10103,7402,-243,1745156038506218841
420257,106,-2994,1642,9788,7531,54,1745156038506218841
420449,132,-3088,1591,9557,7770,149,1745156038506218841
420641,186,-3173,1533,9410,8029,310,1745156038506218841
420833,250,-3247,1470,9313,8257,357,1745156038506218841
421025,322,-3303,1408,9324,8425,118,1745156038506218841
421217,400,-3329,1339,9351,8490,-229,1745156038506218841
421409,489,-3351,1265,9407,8431,-673,1745156038506218841
421601,602,-3368,1189,9482,8279,-1141,1745156038557036137
421793,732,-3382,1107,9496,8112,-1634,1745156038557036137
421985,852,-3395,1029,9586,7968,-2257,1745156038557036137
422177,920,-3389,939,9640,7869,-2687,1745156038557036137
422369,945,-3386,844,9656,7711,-2986,1745156038557036137
422561,934,-3413,751,9669,7605,-2621,1745156038557036137
422753,897,-3463,651,9566,7626,-1787,1745156038557036137
422945,835,-3507,545,9325,7793,-964,1745156038557036137
423137,757,-3534,435,8943,8101,-358,1745156038557036137
423329,683,-3536,317,8594,8476,33,1745156038557036137
423521,663,-3533,185,8280,8888,251,1745156038557036137
423713,709,-3514,49,8089,9362,217,1745156038557036137
423905,807,-3482,-88,8028,9803,4,1745156038633302003
424097,933,-3434,-218,8083,10110,-341,1745156038633302003
424289,1065,-3383,-332,8291,10220,-785,1745156038633302003
424481,1196,-3344,-436,8593,10082,-1272,1745156038633302003
424673,1320,-3316,-535,8876,9766,-1780,1745156038633302003
424865,1437,-3300,-636,9081,9311,-2249,1745156038633302003
425057,1541,-3295,-738,9190,8769,-2634,1745156038633302003
425249,1620,-3293,-842,9193,8189,-2849,1745156038633302003
425441,1679,-3303,-937,9175,7625,-3073,1745156038633302003
425633,1683,-3313,-1037,9073,7302,-3046,1745156038633302003
425825,1655,-3291,-1127,8760,7048,-2915,1745156038633302003
426017,1600,-3271,-1182,8476,6836,-2575,1745156038633302003
426209,1540,-3248,-1216,8270,6642,-2212,1745156038670475986
426401,1484,-3229,-1241,8080,6430,-1784,1745156038670475986
426593,1437,-3219,-1270,7918,6222,-1468,1745156038670475986
426785,1395,-3209,-1302,7751,6022,-1313,1745156038670475986
426977,1351,-3198,-1335,7599,5856,-1312,1745156038670475986
427169,1301,-3185,-1367,7501,5792,-1336,1745156038670475986
427361,1242,-3175,-1400,7435,5714,-1401,1745156038670475986
427553,1180,-3173,-1438,7424,5583,-1470,1745156038670475986
427745,1128,-3179,-1489,7356,5426,-1547,1745156038670475986
427937,1087,-3188,-1551,7200,5289,-1719,1745156038670475986
428129,1052,-3193,-1614,6925,5221,-2046,1745156038670475986
428321,1019,-3180,-1666,6591,5226,-2403,1745156038670475986
428513,979,-3154,-1708,6289,5322,-2633,1745156038734098270
428705,938,-3117,-1740,6046,5376,-2801,1745156038734098270
428897,903,-3077,-1764,5865,5372,-2907,1745156038734098270
429089,886,-3042,-1783,5729,5290,-2946,1745156038734098270
429281,893,-3018,-1803,5683,5095,-2891,1745156038734098270
429473,916,-3001,-1826,5600,4856,-2868,1745156038734098270
429665,939,-2982,-1846,5455,4646,-2974,1745156038734098270
429857,951,-2949,-1854,5223,4499,-3102,1745156038734098270
430049,948,-2906,-1838,4978,4393,-3170,1745156038734098270
430241,929,-2854,-1806,4830,4260,-3094,1745156038734098270
430433,905,-2802,-1774,4693,4093,-3007,1745156038734098270
430625,891,-2750,-1749,4626,3877,-2996,1745156038734098270
430817,895,-2702,-1736,4575,3664,-3085,1745156038784293280
431009,911,-2656,-1734,4559,3491,-3303,1745156038784293280
431201,929,-2607,-1739,4493,3407,-3547,1745156038784293280
431393,940,-2558,-1743,4457,3355,-3710,1745156038784293280
431585,942,-2510,-1747,4400,3336,-3743,1745156038784293280
431777,936,-2465,-1747,4266,3338,-3718,1745156038784293280
431969,934,-2421,-1741,4160,3239,-3763,1745156038784293280
432161,950,-2388,-1740,4027,3119,-3782,1745156038784293280
432353,987,-2357,-1745,3852,2982,-3810,1745156038784293280
432545,1038,-2325,-1755,3670,2867,-3830,1745156038784293280
432737,1082,-2282,-1766,3427,2740,-3860,1745156038784293280
432929,1106,-2225,-1773,3197,2629,-3914,1745156038784293280
433121,1106,-2161,-1774,3000,2484,-4029,1745156038855476900
433313,1095,-2101,-1768,2866,2317,-4164,1745156038855476900
433505,1082,-2049,-1755,2807,2121,-4263,1745156038855476900
433697,1074,-1989,-1741,2699,2015,-4350,1745156038855476900
433889,1074,-1909,-1728,2579,1973,-4499,1745156038855476900
434081,1072,-1825,-1718,2478,1982,-4665,1745156038855476900
434273,1067,-1750,-1710,2439,1968,-4747,1745156038855476900
434465,1059,-1697,-1699,2464,1928,-4730,1745156038855476900
434657,1057,-1657,-1686,2452,1828,-4697,1745156038855476900
434849,1072,-1624,-1675,2419,1738,-4693,1745156038855476900
435041,1098,-1597,-1664,2359,1630,-4649,1745156038855476900
435233,1124,-1569,-1656,2307,1543,-4664,1745156038855476900
435425,1146,-1558,-1646,2207,1401,-4656,1745156038909898955
435617,1170,-1547,-1626,1991,1325,-4648,1745156038909898955
435809,1201,-1511,-1596,1741,1256,-4698,1745156038909898955
436001,1239,-1463,-1558,1503,1195,-4815,1745156038909898955
436193,1270,-1420,-1526,1264,1078,-4963,1745156038909898955
436385,1295,-1376,-1492,1102,1026,-5095,1745156038909898955
436577,1317,-1326,-1449,950,951,-5378,1745156038909898955
436769,1346,-1237,-1394,842,929,-5604,1745156038909898955
436961,1367,-1154,-1343,847,1000,-5935,1745156038909898955
437153,1368,-1085,-1301,938,1185,-6196,1745156038909898955
437345,1343,-1007,-1266,1024,1423,-6392,1745156038909898955
437537,1295,-922,-1224,1053,1675,-6466,1745156038909898955
437729,1250,-837,-1176,1068,1849,-6467,1745156038966008911
437921,1229,-751,-1133,1087,2009,-6566,1745156038966008911
438113,1232,-658,-1105,1012,2145,-6854,1745156038966008911
438305,1237,-559,-1084,1010,1951,-7058,1745156038966008911
438497,1260,-491,-1044,998,1994,-7046,1745156038966008911
438689,1305,-449,-952,1117,1549,-7155,1745156038966008911
438881,1341,-394,-884,1091,955,-7240,1745156038966008911
439073,1359,-350,-840,998,513,-7343,1745156038966008911
439265,1348,-296,-800,925,-16,-7394,1745156038966008911
439457,1292,-247,-784,929,-481,-7372,1745156038966008911
439649,1198,-208,-773,924,-933,-7211,1745156038966008911
439841,1085,-176,-769,847,-1195,-6982,1745156038966008911
440033,962,-133,-749,677,-1250,-6830,1745156039053499623
440225,831,-86,-727,546,-1207,-6730,1745156039053499623
440417,697,-29,-701,465,-1132,-6679,1745156039053499623
440609,571,20,-670,551,-1078,-6686,1745156039053499623
440801,465,65,-629,669,-940,-6794,1745156039053499623
440993,375,104,-578,827,-656,-6860,1745156039053499623
441185,295,135,-524,967,-310,-6954,1745156039053499623
441377,225,178,-473,1073,-10,-6969,1745156039053499623
441569,179,208,-430,1216,130,-6988,1745156039053499623
441761,161,221,-398,1406,146,-7037,1745156039053499623
441953,163,225,-372,1511,21,-6997,1745156039053499623
442145,179,221,-344,1576,-215,-7005,1745156039053499623
442337,200,209,-310,1605,-486,-7033,1745156039081188068
442529,210,196,-273,1579,-736,-7045,1745156039081188068
442721,206,189,-239,1491,-987,-7047,1745156039081188068
442913,187,192,-210,1362,-1143,-7090,1745156039081188068
443105,157,213,-190,1204,-1227,-7150,1745156039081188068
443297,116,248,-174,1069,-1247,-7240,1745156039081188068
443489,70,295,-158,969,-1168,-7379,1745156039081188068
443681,25,350,-136,927,-987,-7489,1745156039081188068
443873,-13,401,-108,914,-785,-7341,1745156039081188068
444065,-34,430,-78,1113,-388,-8123,1745156039081188068
444257,-76,550,-41,1226,-163,-7842,1745156039081188068
444449,-105,625,-9,1440,38,-8004,1745156039081188068
444641,-127,676,22,1664,101,-8038,1745156039156671336
444833,-143,714,55,1866,107,-8112,1745156039156671336
445025,-163,738,90,2011,65,-8201,1745156039156671336
445217,-186,758,121,2155,1,-8242,1745156039156671336
445409,-208,762,145,2265,-87,-8253,1745156039156671336
445601,-229,745,177,2453,-183,-8130,1745156039156671336
445793,-250,719,211,2629,-267,-7952,1745156039156671336
445985,-274,693,245,2743,-288,-7791,1745156039156671336
446177,-302,672,264,2791,-229,-7685,1745156039156671336
446369,-335,655,270,2788,-207,-7608,1745156039156671336
446561,-360,637,270,2749,-153,-7599,1745156039156671336
446753,-381,623,265,2671,-56,-7645,1745156039156671336
446945,-404,611,256,2593,36,-7688,1745156039201519781
447137,-435,604,246,2551,150,-7673,1745156039201519781
447329,-468,600,240,2506,189,-7699,1745156039201519781
447521,-496,596,242,2520,226,-7814,1745156039201519781
447713,-514,587,250,2572,298,-7904,1745156039201519781
447905,-532,572,257,2669,390,-7953,1745156039201519781
448097,-555,552,260,2778,484,-7894,1745156039201519781
448289,-572,527,262,2853,553,-7823,1745156039201519781
448481,-572,496,263,2903,611,-7746,1745156039201519781
448673,-556,463,261,2909,706,-7761,1745156039201519781
448865,-531,433,251,2882,834,-7788,1745156039201519781
449057,-510,407,233,2857,956,-7777,1745156039201519781
449249,-501,383,214,2823,1035,-7742,1745156039265014357
449441,-499,367,209,2821,1092,-7782,1745156039265014357
449633,-498,354,224,2788,1143,-7851,1745156039265014357
449825,-479,344,248,2760,1242,-7949,1745156039265014357
450017,-436,325,271,2744,1384,-8079,1745156039265014357
450209,-374,291,283,2736,1597,-8243,1745156039265014357
450401,-303,256,278,2730,1844,-8454,1745156039265014357
450593,-235,228,269,2642,2050,-8617,1745156039265014357
450785,-168,193,268,2598,2113,-8841,1745156039265014357
450977,-98,136,271,2593,2057,-9032,1745156039265014357
451169,-21,87,268,2598,1960,-9253,1745156039265014357
451361,50,59,270,2670,1846,-9509,1745156039265014357
451553,92,19,281,2769,1689,-9780,1745156039318540066
451745,97,-33,291,2846,1508,-10042,1745156039318540066
451937,62,-87,305,2890,1256,-10056,1745156039318540066
452129,-16,-127,321,2890,945,-9871,1745156039318540066
452321,-126,-148,346,2846,597,-9711,1745156039318540066
452513,-245,-167,370,2771,332,-9539,1745156039318540066
452705,-347,-200,377,2580,195,-9323,1745156039318540066
452897,-431,-245,364,2359,204,-9057,1745156039318540066
453089,-505,-287,335,2046,337,-8872,1745156039318540066
453281,-571,-307,300,1681,565,-8681,1745156039318540066
453473,-615,-297,272,1323,852,-8481,1745156039318540066
453665,-620,-261,252,1023,1247,-8281,1745156039318540066
453857,-596,-204,244,751,1724,-8147,1745156039394986920
454049,-554,-134,250,615,2130,-8113,1745156039394986920
454241,-497,-58,259,563,2414,-8129,1745156039394986920
454433,-428,6,266,586,2523,-8083,1745156039394986920
454625,-342,46,271,718,2433,-7960,1745156039394986920
454817,-242,76,269,899,2212,-7864,1745156039394986920
455009,-145,88,259,1096,1924,-7819,1745156039394986920
455201,-65,88,248,1223,1609,-7766,1745156039394986920
455393,-10,81,240,1314,1347,-7696,1745156039394986920
455585,25,69,232,1347,1123,-7651,1745156039394986920
455777,39,53,217,1350,922,-7615,1745156039394986920
455969,43,34,189,1286,772,-7630,1745156039394986920
456161,58,24,155,1204,694,-7725,1745156039460945484
456353,81,20,131,1192,693,-7725,1745156039460945484
456545,87,21,114,1130,714,-7718,1745156039460945484
456737,89,14,89,1014,729,-7692,1745156039460945484
456929,113,-6,56,904,718,-7692,1745156039460945484
457121,145,-24,30,847,669,-7735,1745156039460945484
457313,173,-31,18,885,609,-7785,1745156039460945484
457505,186,-37,15,951,540,-7843,1745156039460945484
457697,193,-48,15,1050,520,-7799,1745156039460945484
457889,198,-61,11,1132,531,-7813,1745156039460945484
458081,198,-72,0,1135,575,-7902,1745156039460945484
458273,194,-82,-14,1081,664,-7966,1745156039460945484
458465,194,-88,-21,1082,762,-8008,1745156039500935067
458657,198,-84,-18,1094,890,-8004,1745156039500935067
458849,202,-69,-11,1108,982,-8032,1745156039500935067
459041,201,-54,-1,1148,1051,-8093,1745156039500935067
459233,196,-45,6,1222,1078,-8146,1745156039500935067
459425,187,-38,10,1289,1148,-8172,1745156039500935067
459617,168,-34,8,1350,1243,-8227,1745156039500935067
459809,140,-31,3,1379,1375,-8302,1745156039500935067
460001,109,-30,-2,1384,1482,-8341,1745156039500935067
460193,81,-32,2,1363,1584,-8348,1745156039500935067
460385,64,-31,13,1328,1637,-8337,1745156039500935067
460577,59,-29,28,1271,1660,-8277,1745156039500935067
460769,70,-28,37,1204,1622,-8240,1745156039566313792
460961,87,-26,38,1134,1507,-8219,1745156039566313792
461153,103,-21,35,1094,1328,-8170,1745156039566313792
461345,115,-15,32,1071,1155,-8149,1745156039566313792
461537,121,-6,32,1068,948,-8144,1745156039566313792
461729,115,3,36,1077,755,-8138,1745156039566313792
461921,98,12,44,1047,588,-8110,1745156039566313792
462113,78,17,52,1046,438,-8080,1745156039566313792
462305,57,20,58,1063,359,-8043,1745156039566313792
462497,37,22,56,1126,349,-8013,1745156039566313792
462689,21,19,46,1162,430,-8053,1745156039566313792
462881,18,10,31,1161,482,-7973,1745156039566313792
463073,11,10,11,1124,506,-7853,1745156039610556982
463265,-19,15,-8,1104,588,-7879,1745156039610556982
463457,-45,3,-20,1109,738,-7959,1745156039610556982
463649,-51,-17,-29,1124,954,-7927,1745156039610556982
463841,-51,-27,-31,1108,1136,-7845,1745156039610556982
464033,-48,-22,-33,1079,1268,-7837,1745156039610556982
464225,-38,-16,-31,1070,1327,-7829,1745156039610556982
464417,-21,-17,-28,1065,1338,-7816,1745156039610556982
464609,5,-25,-23,1085,1343,-7840,1745156039610556982
464801,34,-39,-20,1111,1284,-7879,1745156039610556982
464993,54,-49,-16,1151,1212,-7932,1745156039610556982
465185,61,-51,-14,1164,1111,-7991,1745156039610556982
465377,60,-54,-10,1159,1032,-8013,1745156039688149190
465569,58,-58,-8,1136,933,-8013,1745156039688149190
465761,55,-62,-7,1098,882,-8008,1745156039688149190
465953,49,-64,-8,1070,860,-7984,1745156039688149190
466145,41,-64,-9,1070,842,-7941,1745156039688149190
466337,33,-64,-11,1053,836,-7908,1745156039688149190
466529,29,-66,-12,1071,860,-7923,1745156039688149190
466721,25,-69,-13,1075,890,-7961,1745156039688149190
466913,20,-72,-15,1073,939,-7980,1745156039688149190
467105,18,-73,-18,1085,964,-7948,1745156039688149190
467297,22,-70,-20,1071,1001,-7905,1745156039688149190
467489,31,-69,-21,1058,1037,-7867,1745156039688149190
467681,47,-69,-23,1062,1038,-7874,1745156039727710391
467873,63,-71,-28,1084,1036,-7917,1745156039727710391
468065,76,-74,-35,1086,1020,-7951,1745156039727710391
468257,84,-78,-40,1091,1000,-7981,1745156039727710391
468449,89,-80,-40,1080,968,-8040,1745156039727710391
468641,91,-81,-37,1080,941,-8079,1745156039727710391
468833,87,-81,-35,1048,938,-8141,1745156039727710391
469025,79,-81,-33,1008,943,-8164,1745156039727710391
469217,73,-79,-27,965,920,-8187,1745156039727710391
469409,69,-77,-21,912,900,-8199,1745156039727710391
469601,61,-72,-16,878,867,-8186,1745156039727710391
469793,53,-68,-11,855,855,-8195,1745156039727710391
469985,41,-63,-8,832,825,-8207,1745156039786034285
470177,27,-59,-8,810,816,-8227,1745156039786034285
470369,11,-55,-10,799,815,-8214,1745156039786034285
470561,-6,-45,-12,808,874,-8139,1745156039786034285
470753,-25,-24,-12,832,982,-8061,1745156039786034285
470945,-40,4,-10,879,1081,-7937,1745156039786034285
471137,-37,24,-8,954,1102,-7871,1745156039786034285
471329,-16,28,-7,988,1098,-7893,1745156039786034285
471521,15,20,-6,1030,1089,-7973,1745156039786034285
471713,41,6,-9,1064,1079,-8038,1745156039786034285
471905,56,-7,-16,1063,1046,-8080,1745156039786034285
472097,62,-16,-22,1033,967,-8130,1745156039786034285
